example_id,split,agreement_tier,dup_group
fpb:001b58795f87a589,test,75,fpb:001b58795f87a589
fpb:002ef8e7dbfaca39,train,all,fpb:002ef8e7dbfaca39
fpb:003cd5b0cdd57399,test,all,fpb:003cd5b0cdd57399
fpb:00893e157993893e,train,50,fpb:00893e157993893e
fpb:00adade24e14eb19,train,50,fpb:00adade24e14eb19
fpb:00b58a522cbc5dc8,train,75,fpb:00b58a522cbc5dc8
fpb:00c42be6b1b7059d,train,66,fpb:00c42be6b1b7059d
fpb:00c5467168c14711,test,50,fpb:00c5467168c14711
fpb:00cb9ee99b67f850,train,75,fpb:00cb9ee99b67f850
fpb:00d16154b360c37e,test,all,fpb:00d16154b360c37e
fpb:00d712fa71a8d6ec,dev,66,fpb:00d712fa71a8d6ec
fpb:00e74360c9846e77,train,all,fpb:00e74360c9846e77
fpb:00e9a05c534ef981,dev,75,fpb:00e9a05c534ef981
fpb:0113b277167ac1b7,train,all,fpb:0113b277167ac1b7
fpb:01160d98070ff39b,dev,all,fpb:01160d98070ff39b
fpb:011c731dc8a650bd,train,75,fpb:011c731dc8a650bd
fpb:0121ee51c0983e80,train,all,fpb:0121ee51c0983e80
fpb:012709c0fac5bb56,test,all,fpb:012709c0fac5bb56
fpb:012d66c1b70283b4,test,66,fpb:012d66c1b70283b4
fpb:01308aa584ea0f08,train,all,fpb:01308aa584ea0f08
fpb:01488014757bd16e,dev,all,fpb:01488014757bd16e
fpb:014cc689c278131d,test,all,fpb:014cc689c278131d
fpb:015378c585da081e,train,all,fpb:015378c585da081e
fpb:0185680e53abaeb2,train,all,fpb:0185680e53abaeb2
fpb:0192df380e3224db,test,all,fpb:0192df380e3224db
fpb:0196d070335a2b61,train,50,fpb:0196d070335a2b61
fpb:01b34e18dd8d5526,dev,66,fpb:01b34e18dd8d5526
fpb:01c06a47a8c3b5db,dev,66,fpb:01c06a47a8c3b5db
fpb:01c46867ae4264d4,train,75,fpb:01c46867ae4264d4
fpb:01ced3c81a3306f6,train,66,fpb:01ced3c81a3306f6
fpb:01d737a9295c87ed,train,75,fpb:01d737a9295c87ed
fpb:01dcde4ffda66b29,test,all,fpb:01dcde4ffda66b29
fpb:0218a0ae48610059,dev,all,fpb:0218a0ae48610059
fpb:0220f264a1768224,train,all,fpb:0220f264a1768224
fpb:023085e914461831,train,all,fpb:023085e914461831
fpb:023513542668c9fe,test,50,fpb:023513542668c9fe
fpb:023b20a869bd6d7f,dev,50,fpb:023b20a869bd6d7f
fpb:024ce67257f58e73,dev,50,fpb:024ce67257f58e73
fpb:025a9eefa50488e7,train,all,fpb:025a9eefa50488e7
fpb:02a4be5d1a93b008,train,all,fpb:02a4be5d1a93b008
fpb:02abd1b5a803c625,train,all,fpb:02abd1b5a803c625
fpb:02b1b292156bff6a,dev,all,fpb:02b1b292156bff6a
fpb:02bdc71ab09f058d,train,75,fpb:02bdc71ab09f058d
fpb:02d344a8559b694a,train,all,fpb:02d344a8559b694a
fpb:030bc6c9cf2d7ed0,train,66,fpb:030bc6c9cf2d7ed0
fpb:0310150ac01b729f,train,all,fpb:0310150ac01b729f
fpb:032008399f74b1a7,test,75,fpb:032008399f74b1a7
fpb:032e73af2f06468a,test,75,fpb:032e73af2f06468a
fpb:033dd3a4933a936e,train,all,fpb:033dd3a4933a936e
fpb:0356c98952b72d3f,train,all,fpb:0356c98952b72d3f
fpb:0360016264ff9a99,train,50,fpb:0360016264ff9a99
fpb:0368cac73ad67803,train,75,fpb:0368cac73ad67803
fpb:037c320c68386496,train,all,fpb:037c320c68386496
fpb:0381906299a33360,train,all,fpb:0381906299a33360
fpb:038d1c947d029ed0,train,75,fpb:038d1c947d029ed0
fpb:03bbdf99021762b0,test,all,fpb:03bbdf99021762b0
fpb:03be84479a01df22,test,all,fpb:03be84479a01df22
fpb:03e8fe2dc8c8bb18,train,66,fpb:03e8fe2dc8c8bb18
fpb:03e9cde197da3bc8,train,all,fpb:03e9cde197da3bc8
fpb:03edfbf1c138f810,train,75,fpb:03edfbf1c138f810
fpb:040b4f132b424c90,dev,all,fpb:040b4f132b424c90
fpb:04146a2c7c157c91,train,75,fpb:04146a2c7c157c91
fpb:0428492491c4d6ae,train,75,fpb:0428492491c4d6ae
fpb:044870926319cd12,train,all,fpb:044870926319cd12
fpb:046eead26addf590,train,all,fpb:046eead26addf590
fpb:047aef2150acb96c,train,all,fpb:047aef2150acb96c
fpb:04953abe7c0f65c9,train,all,fpb:04953abe7c0f65c9
fpb:04ac4db0854ae2d7,train,all,fpb:04ac4db0854ae2d7
fpb:04ae3c89a048e344,train,all,fpb:04ae3c89a048e344
fpb:04b786e5b561d92d,train,75,fpb:04b786e5b561d92d
fpb:04bce4e39c2d9a06,train,all,fpb:04bce4e39c2d9a06
fpb:04c0b04ed7622243,train,66,fpb:04c0b04ed7622243
fpb:04cc08211902816d,train,all,fpb:04cc08211902816d
fpb:04def3c4babedb18,train,50,fpb:04def3c4babedb18
fpb:050ff86791327698,dev,50,fpb:050ff86791327698
fpb:05170bdb2cc12199,train,75,fpb:05170bdb2cc12199
fpb:053775a6852d1830,train,66,fpb:053775a6852d1830
fpb:053b30cd6562ed9e,test,all,fpb:053b30cd6562ed9e
fpb:054b698244e4923f,train,all,fpb:054b698244e4923f
fpb:0557a11ded1db253,train,all,fpb:0557a11ded1db253
fpb:05656234cc6fd294,test,all,fpb:05656234cc6fd294
fpb:0578b85212238d37,train,all,fpb:0578b85212238d37
fpb:0585cec9320c3455,dev,50,fpb:0585cec9320c3455
fpb:058c37e563aa1c11,train,75,fpb:058c37e563aa1c11
fpb:058f913b477d0d5d,test,all,fpb:058f913b477d0d5d
fpb:0590c0b72a9814bb,test,all,fpb:0590c0b72a9814bb
fpb:0592e8aa479a5f37,train,all,fpb:0592e8aa479a5f37
fpb:05bf0a61a4b9f817,train,all,fpb:05bf0a61a4b9f817
fpb:05c0cbe9d6299fca,train,50,fpb:05c0cbe9d6299fca
fpb:05da9b496987d21b,train,50,fpb:05da9b496987d21b
fpb:05fd1e66dcfa0d26,test,75,fpb:05fd1e66dcfa0d26
fpb:060923672ba9fdfc,train,all,fpb:060923672ba9fdfc
fpb:0611b3a1b93ae8d8,test,75,fpb:0611b3a1b93ae8d8
fpb:06278a5ad7c4c376,train,66,fpb:06278a5ad7c4c376
fpb:0647fc7430c860a2,train,all,fpb:0647fc7430c860a2
fpb:064aa20985261d6d,train,all,fpb:064aa20985261d6d
fpb:06515cae9ba8acfb,train,75,fpb:06515cae9ba8acfb
fpb:0651c358203646c6,train,all,fpb:0651c358203646c6
fpb:065ede0bc57cd824,train,all,fpb:065ede0bc57cd824
fpb:066310d2c586da8f,train,50,fpb:066310d2c586da8f
fpb:0675dbd18f20b4ef,test,all,fpb:0675dbd18f20b4ef
fpb:0685130a54304a4d,train,75,fpb:0685130a54304a4d
fpb:0685308bdf3a44df,train,66,fpb:0685308bdf3a44df
fpb:06a9076c2c96edfc,train,75,fpb:06a9076c2c96edfc
fpb:06ad2aba029a0d07,train,all,fpb:06ad2aba029a0d07
fpb:06ae7a7433c9cdb7,train,all,fpb:06ae7a7433c9cdb7
fpb:06c6f8f5a31e1067,train,50,fpb:06c6f8f5a31e1067
fpb:06c7cf020eaabdb8,train,all,fpb:06c7cf020eaabdb8
fpb:06c96820f86611b5,dev,75,fpb:06c96820f86611b5
fpb:06e16d912f52b279,test,66,fpb:06e16d912f52b279
fpb:06eba0660c6bde18,test,50,fpb:06eba0660c6bde18
fpb:06f6501b27c00874,dev,all,fpb:06f6501b27c00874
fpb:07195e052a38c470,train,75,fpb:07195e052a38c470
fpb:071bc1dc3667b775,train,75,fpb:071bc1dc3667b775
fpb:0727c8b1ff405204,train,50,fpb:0727c8b1ff405204
fpb:072dd5638e009a6e,train,all,fpb:072dd5638e009a6e
fpb:073460cbf0caa05c,train,50,fpb:073460cbf0caa05c
fpb:0735ad7aa0908742,train,all,fpb:0735ad7aa0908742
fpb:074edc6ccead9c42,train,75,fpb:074edc6ccead9c42
fpb:07502d89c84f3f76,train,all,fpb:07502d89c84f3f76
fpb:07557f550430f8bd,train,50,fpb:07557f550430f8bd
fpb:0766c4866e410fe0,train,all,fpb:0766c4866e410fe0
fpb:076f377b699e60fd,train,all,fpb:076f377b699e60fd
fpb:077707eeb7b8af98,train,75,fpb:077707eeb7b8af98
fpb:077ac910eba449b2,train,75,fpb:077ac910eba449b2
fpb:0781e7aca6a10095,test,75,fpb:0781e7aca6a10095
fpb:07897f81010d2c86,train,50,fpb:07897f81010d2c86
fpb:07a606cac07eda08,train,75,fpb:07a606cac07eda08
fpb:07b4c0e89d06bbfb,train,75,fpb:07b4c0e89d06bbfb
fpb:07b8be73a42a0bf7,train,all,fpb:07b8be73a42a0bf7
fpb:07c706dc77c91dfc,test,all,fpb:07c706dc77c91dfc
fpb:07cee25b34cbc51a,train,all,fpb:07cee25b34cbc51a
fpb:07d6711bed1ca822,train,all,fpb:07d6711bed1ca822
fpb:07f8c1bdcc0dee81,train,66,fpb:07f8c1bdcc0dee81
fpb:07fbb826a6bdbf44,test,all,fpb:07fbb826a6bdbf44
fpb:0800e8314dbc6708,test,66,fpb:0800e8314dbc6708
fpb:08016b3982611fb8,train,75,fpb:08016b3982611fb8
fpb:0814dbec3912312a,train,75,fpb:0814dbec3912312a
fpb:0817968ea7fb65e0,train,66,fpb:0817968ea7fb65e0
fpb:081a322f360b9019,dev,75,fpb:081a322f360b9019
fpb:0826f9a8be0c1dd0,train,all,fpb:0826f9a8be0c1dd0
fpb:08290502d590263e,train,all,fpb:08290502d590263e
fpb:083bc697be733551,train,all,fpb:083bc697be733551
fpb:084c1f49bb1ada77,train,all,fpb:084c1f49bb1ada77
fpb:084ea772c8030366,test,50,fpb:084ea772c8030366
fpb:08623d1f304e6224,test,66,fpb:08623d1f304e6224
fpb:086c7e926e8ae1e6,train,50,fpb:086c7e926e8ae1e6
fpb:0872d4712b815da0,dev,66,fpb:0872d4712b815da0
fpb:089359cf2d8f08e2,train,all,fpb:089359cf2d8f08e2
fpb:08bcac4f65e24fcc,train,all,fpb:08bcac4f65e24fcc
fpb:08ea5a48ab2e835d,train,all,fpb:08ea5a48ab2e835d
fpb:0900aaa0a349da8f,train,75,fpb:0900aaa0a349da8f
fpb:09037f4adb1c2352,dev,66,fpb:09037f4adb1c2352
fpb:09084232d3b220ad,train,all,fpb:09084232d3b220ad
fpb:090de8fd4cc70b04,train,all,fpb:090de8fd4cc70b04
fpb:092b856737cf70ea,train,all,fpb:092b856737cf70ea
fpb:092ccdb60e498d2d,dev,75,fpb:092ccdb60e498d2d
fpb:09443e33a8f91103,train,50,fpb:09443e33a8f91103
fpb:095e725eb7bccd85,train,50,fpb:095e725eb7bccd85
fpb:0972582ea0ab6d67,train,75,fpb:0972582ea0ab6d67
fpb:098851dc2d8930c9,train,66,fpb:098851dc2d8930c9
fpb:099e5fc149a528b7,train,50,fpb:099e5fc149a528b7
fpb:09c43204bf4a50f4,train,all,fpb:09c43204bf4a50f4
fpb:09e4b3139dea9d60,train,all,fpb:09e4b3139dea9d60
fpb:09e8a3f775a11b67,train,66,fpb:09e8a3f775a11b67
fpb:09eb75afd1dcf1cf,dev,66,fpb:09eb75afd1dcf1cf
fpb:0a038bd390e6a3c2,dev,all,fpb:0a038bd390e6a3c2
fpb:0a07119a81b9238b,train,all,fpb:0a07119a81b9238b
fpb:0a3a5495e608f808,train,all,fpb:0a3a5495e608f808
fpb:0a42f824e25fd539,train,75,fpb:0a42f824e25fd539
fpb:0a4b06efee871795,test,66,fpb:0a4b06efee871795
fpb:0a4b8b5bcf3b3b3b,train,all,fpb:0a4b8b5bcf3b3b3b
fpb:0a4c1ec55fb68bcd,train,75,fpb:0a4c1ec55fb68bcd
fpb:0a53de1e60a710b9,train,all,fpb:0a53de1e60a710b9
fpb:0a5e88c0f0762b02,test,66,fpb:0a5e88c0f0762b02
fpb:0a64d8832eee9f87,train,all,fpb:0a64d8832eee9f87
fpb:0a9c9e7fe99fa11b,train,66,fpb:0a9c9e7fe99fa11b
fpb:0aa41e39c7268d8e,train,all,fpb:0aa41e39c7268d8e
fpb:0aa4688dfa34f9ee,train,75,fpb:0aa4688dfa34f9ee
fpb:0aa486d50f239b68,test,all,fpb:0aa486d50f239b68
fpb:0aa60460463e5d79,test,66,fpb:0aa60460463e5d79
fpb:0ac6e42c54609fb5,train,all,fpb:0ac6e42c54609fb5
fpb:0aea5e5ec4cebdf8,test,75,fpb:0aea5e5ec4cebdf8
fpb:0b05ee99afe46431,train,75,fpb:0b05ee99afe46431
fpb:0b0fced0378de2a0,train,all,fpb:0b0fced0378de2a0
fpb:0b10648fd370b55a,train,all,fpb:0b10648fd370b55a
fpb:0b3eba1646b62952,test,all,fpb:0b3eba1646b62952
fpb:0b413c1038c447c1,dev,all,fpb:0b413c1038c447c1
fpb:0b4490b903a90d8e,train,75,fpb:0b4490b903a90d8e
fpb:0b50ecf24e4ec39e,test,50,fpb:0b50ecf24e4ec39e
fpb:0b6a7061fbc218cc,train,75,fpb:0b6a7061fbc218cc
fpb:0b6f5742726267d5,train,all,fpb:0b6f5742726267d5
fpb:0b731e259e4c84b2,test,all,fpb:0b731e259e4c84b2
fpb:0b78af6d1332a8ba,train,75,fpb:0b78af6d1332a8ba
fpb:0b8a706b67fdd389,test,66,fpb:0b8a706b67fdd389
fpb:0b962b9e0626a727,train,75,fpb:0b962b9e0626a727
fpb:0ba77d0eb11f6e6f,test,50,fpb:0ba77d0eb11f6e6f
fpb:0bda416593a2993f,train,all,fpb:0bda416593a2993f
fpb:0bf8811834f96201,train,50,fpb:0bf8811834f96201
fpb:0bfb6f28848a6653,train,50,fpb:0bfb6f28848a6653
fpb:0bfc0cbd7960a8a6,train,all,fpb:0bfc0cbd7960a8a6
fpb:0c1058622728f1f8,train,all,fpb:0c1058622728f1f8
fpb:0c2743b5270864f2,train,all,fpb:0c2743b5270864f2
fpb:0c317a94c6e31d61,train,all,fpb:0c317a94c6e31d61
fpb:0c31d53b939ac869,test,75,fpb:0c31d53b939ac869
fpb:0c3738324a063db3,train,all,fpb:0c3738324a063db3
fpb:0c4dc5a92e9c7358,dev,75,fpb:0c4dc5a92e9c7358
fpb:0c6b2ab49cca0ae6,train,50,fpb:0c6b2ab49cca0ae6
fpb:0c744abdd3a349b3,train,75,fpb:0c744abdd3a349b3
fpb:0c78006b5ce7acf4,train,66,fpb:0c78006b5ce7acf4
fpb:0c7b8177d0bf92c8,train,66,fpb:0c7b8177d0bf92c8
fpb:0c7c2bd1b3c6e8c7,train,75,fpb:0c7c2bd1b3c6e8c7
fpb:0ca5e54c7b778d84,train,75,fpb:0ca5e54c7b778d84
fpb:0cbe7f1794353538,dev,75,fpb:0cbe7f1794353538
fpb:0cd5ba698e05cc36,test,75,fpb:0cd5ba698e05cc36
fpb:0cdd305f0b7bc9f3,dev,75,fpb:0cdd305f0b7bc9f3
fpb:0cfb4744e4e14308,train,all,fpb:0cfb4744e4e14308
fpb:0d0eb029eb9722ca,train,all,fpb:0d0eb029eb9722ca
fpb:0d1a02b04dcc6cf5,dev,75,fpb:0d1a02b04dcc6cf5
fpb:0d1e0d4f008b8603,train,75,fpb:0d1e0d4f008b8603
fpb:0d286b6a7378f6d7,train,75,fpb:0d286b6a7378f6d7
fpb:0d2f6bea8836e189,train,all,fpb:0d2f6bea8836e189
fpb:0d34bf26f0c1703f,train,all,fpb:0d34bf26f0c1703f
fpb:0d460d37fd4efdab,train,66,fpb:0d460d37fd4efdab
fpb:0d4fe32bc8cc0ba6,train,66,fpb:0d4fe32bc8cc0ba6
fpb:0d565e95429bd04f,train,50,fpb:0d565e95429bd04f
fpb:0d6857853950ecca,test,all,fpb:0d6857853950ecca
fpb:0d9838a59df5092a,train,75,fpb:0d9838a59df5092a
fpb:0da93acf30628c27,dev,50,fpb:0da93acf30628c27
fpb:0dad8ba994f6c348,test,all,fpb:0dad8ba994f6c348
fpb:0dca554e46ee981a,dev,all,fpb:0dca554e46ee981a
fpb:0de0efa42a37d623,train,all,fpb:0de0efa42a37d623
fpb:0de4284759a5f83e,train,75,fpb:0de4284759a5f83e
fpb:0e1599942a8e1ec7,train,50,fpb:0e1599942a8e1ec7
fpb:0e1f1fcee547d7bc,train,all,fpb:0e1f1fcee547d7bc
fpb:0e25cfb723e4b3a7,train,75,fpb:0e25cfb723e4b3a7
fpb:0e369e2ddf37320a,train,all,fpb:0e369e2ddf37320a
fpb:0e442ed5364a4a66,test,all,fpb:0e442ed5364a4a66
fpb:0e461f6b4f1b6616,test,all,fpb:0e461f6b4f1b6616
fpb:0e4f2d4da557e0e7,train,all,fpb:0e4f2d4da557e0e7
fpb:0e521539b7d2d4aa,train,66,fpb:0e521539b7d2d4aa
fpb:0e564c4bbed765d4,train,50,fpb:0e564c4bbed765d4
fpb:0e5ab4eee7db57c6,train,50,fpb:0e5ab4eee7db57c6
fpb:0e5aef5de168af80,test,50,fpb:0e5aef5de168af80
fpb:0e5b10f923bdea7d,dev,all,fpb:0e5b10f923bdea7d
fpb:0e5b1609dd95a7ad,test,75,fpb:0e5b1609dd95a7ad
fpb:0e5e3f836e3bcc90,train,all,fpb:0e5e3f836e3bcc90
fpb:0e62a4785541bb97,train,all,fpb:0e62a4785541bb97
fpb:0e69c06a41350bf0,test,75,fpb:0e69c06a41350bf0
fpb:0e827255a3be5114,train,all,fpb:0e827255a3be5114
fpb:0eb05abcdd2e12f8,dev,all,fpb:0eb05abcdd2e12f8
fpb:0ec1281619a09a93,dev,all,fpb:0ec1281619a09a93
fpb:0ec65ae589b476e2,train,75,fpb:0ec65ae589b476e2
fpb:0ec8ce1d683f01c3,train,50,fpb:0ec8ce1d683f01c3
fpb:0ed696a9023a0585,train,75,fpb:0ed696a9023a0585
fpb:0ee6f3ed05c53ea0,train,all,fpb:0ee6f3ed05c53ea0
fpb:0ee8661efe138f59,train,all,fpb:0ee8661efe138f59
fpb:0f044caaf19f7756,dev,66,fpb:0f044caaf19f7756
fpb:0f0493bdf506b2cb,train,75,fpb:0f0493bdf506b2cb
fpb:0f280483daab2c19,test,75,fpb:0f280483daab2c19
fpb:0f349b4304d6b121,test,75,fpb:0f349b4304d6b121
fpb:0f37efedc8c90b5f,train,all,fpb:0f37efedc8c90b5f
fpb:0f388419628beed5,train,all,fpb:0f388419628beed5
fpb:0f3bbb40435db04c,train,66,fpb:0f3bbb40435db04c
fpb:0f48d750a24b38d2,train,all,fpb:0f48d750a24b38d2
fpb:0f4c922a05b12887,test,all,fpb:0f4c922a05b12887
fpb:0f5f71c6f508a0d8,dev,all,fpb:0f5f71c6f508a0d8
fpb:0f6b9e988a97f50b,train,all,fpb:0f6b9e988a97f50b
fpb:0f869f8d9d789cbe,dev,75,fpb:0f869f8d9d789cbe
fpb:0f8b4b36fcb55554,test,all,fpb:0f8b4b36fcb55554
fpb:0f8d66d1fdfd485c,train,all,fpb:0f8d66d1fdfd485c
fpb:0f9d92db6bbef3f3,train,50,fpb:0f9d92db6bbef3f3
fpb:0fb97aefecdb70da,train,75,fpb:0fb97aefecdb70da
fpb:0fbb4cfe21f29279,train,all,fpb:0fbb4cfe21f29279
fpb:0fc658f9af4eabe4,test,all,fpb:0fc658f9af4eabe4
fpb:0fed02602049d9eb,train,all,fpb:0fed02602049d9eb
fpb:0ff7f054191bbb8f,test,all,fpb:0ff7f054191bbb8f
fpb:1007b0df37bc2cd2,dev,50,fpb:1007b0df37bc2cd2
fpb:100c453b75b96d2d,dev,all,fpb:100c453b75b96d2d
fpb:100fd15d55f0829e,train,all,fpb:100fd15d55f0829e
fpb:10197130bdeead34,test,50,fpb:10197130bdeead34
fpb:1027a18aca082901,dev,66,fpb:1027a18aca082901
fpb:1030c18dc03044ca,train,all,fpb:1030c18dc03044ca
fpb:105e4b8db81247d4,train,50,fpb:105e4b8db81247d4
fpb:10612014fbd7768c,train,75,fpb:10612014fbd7768c
fpb:106225dd783efde2,train,75,fpb:106225dd783efde2
fpb:106b3875e1caa113,train,all,fpb:106b3875e1caa113
fpb:1075fefd8cd7ccd3,test,all,fpb:1075fefd8cd7ccd3
fpb:107d948874800f74,train,all,fpb:107d948874800f74
fpb:108e19e5d9e65b53,train,75,fpb:108e19e5d9e65b53
fpb:10904e789566bf6e,train,all,fpb:10904e789566bf6e
fpb:1091dbeb4c8d1257,test,all,fpb:1091dbeb4c8d1257
fpb:1091dc7572b43ff0,train,all,fpb:1091dc7572b43ff0
fpb:10a93157c8b7d6c4,train,all,fpb:10a93157c8b7d6c4
fpb:10a9b3f6178c04d4,train,all,fpb:10a9b3f6178c04d4
fpb:10aa6266ecdb0e37,test,all,fpb:10aa6266ecdb0e37
fpb:10af727740ec4dc2,train,66,fpb:10af727740ec4dc2
fpb:10e4e0642f8e9f81,train,all,fpb:10e4e0642f8e9f81
fpb:10eec2bb5ceb278e,train,50,fpb:10eec2bb5ceb278e
fpb:10fc42abb17a0b0d,train,all,fpb:10fc42abb17a0b0d
fpb:111885c54b3b9eb3,train,all,fpb:111885c54b3b9eb3
fpb:11193cee104707ab,dev,all,fpb:11193cee104707ab
fpb:1124d14311c9eeb2,train,all,fpb:1124d14311c9eeb2
fpb:112711661107ddb0,train,50,fpb:112711661107ddb0
fpb:112f86289b25c52f,train,50,fpb:112f86289b25c52f
fpb:11334492372a214e,test,75,fpb:11334492372a214e
fpb:114a09da0ee3a3cd,dev,66,fpb:114a09da0ee3a3cd
fpb:115b9eac99de6e98,train,66,fpb:115b9eac99de6e98
fpb:1165d6454a212724,test,all,fpb:1165d6454a212724
fpb:11702b6603182172,train,all,fpb:11702b6603182172
fpb:1170c65603660353,dev,50,fpb:1170c65603660353
fpb:1178a53a6e34b09e,train,50,fpb:1178a53a6e34b09e
fpb:117c06a5d22169e4,test,75,fpb:117c06a5d22169e4
fpb:11925573d70572ef,dev,50,fpb:11925573d70572ef
fpb:119430bc67d2b576,train,66,fpb:119430bc67d2b576
fpb:1198ca4333bfefbe,train,all,fpb:1198ca4333bfefbe
fpb:119ad0f390d277ca,train,75,fpb:119ad0f390d277ca
fpb:119b62ebddd8a40a,train,all,fpb:119b62ebddd8a40a
fpb:11a39b8c7bbd7e41,train,75,fpb:11a39b8c7bbd7e41
fpb:11b243a0c155a91b,train,all,fpb:11b243a0c155a91b
fpb:11ba3fb6f44cbe2e,train,75,fpb:11ba3fb6f44cbe2e
fpb:11be361c2f5a20bc,test,all,fpb:11be361c2f5a20bc
fpb:11ce4ac6bbfed0d8,train,all,fpb:11ce4ac6bbfed0d8
fpb:11d58489fbace258,test,66,fpb:11d58489fbace258
fpb:11d5a13efc9dfd84,train,66,fpb:11d5a13efc9dfd84
fpb:11ee40f8d9ed4386,test,75,fpb:11ee40f8d9ed4386
fpb:11f1bcb37f0f8155,train,all,fpb:11f1bcb37f0f8155
fpb:11f98c19d7f9be62,train,all,fpb:11f98c19d7f9be62
fpb:11fdf3ab45c4ee0e,test,75,fpb:11fdf3ab45c4ee0e
fpb:1201b8ae2b48bafa,train,all,fpb:1201b8ae2b48bafa
fpb:1207ba40deea5ba8,test,all,fpb:1207ba40deea5ba8
fpb:1208e7346c7c393e,train,all,fpb:1208e7346c7c393e
fpb:121014d3477b20b9,train,66,fpb:121014d3477b20b9
fpb:12246a903eea3e5b,train,66,fpb:12246a903eea3e5b
fpb:12281b574c2847dd,train,75,fpb:12281b574c2847dd
fpb:123a0afe529be96a,test,75,fpb:123a0afe529be96a
fpb:123f51fc3df8eba1,train,50,fpb:123f51fc3df8eba1
fpb:12438008f5927973,test,50,fpb:12438008f5927973
fpb:124d6f89df8edde8,train,66,fpb:124d6f89df8edde8
fpb:126aff2f8dc0d68c,test,75,fpb:126aff2f8dc0d68c
fpb:126e9bbf8ba684e0,train,75,fpb:126e9bbf8ba684e0
fpb:12819cba9782e0b8,train,all,fpb:12819cba9782e0b8
fpb:128302fbfb7ba196,test,all,fpb:128302fbfb7ba196
fpb:128c851db31d99d9,train,75,fpb:128c851db31d99d9
fpb:1291eda9eba812bb,train,75,fpb:1291eda9eba812bb
fpb:12afce49fe1d703c,train,50,fpb:12afce49fe1d703c
fpb:12b80196fd4ae138,test,all,fpb:12b80196fd4ae138
fpb:12bafe73eb9efb16,train,66,fpb:12bafe73eb9efb16
fpb:12be3af2283f132c,train,all,fpb:12be3af2283f132c
fpb:12c3f013645ba5e9,train,all,fpb:12c3f013645ba5e9
fpb:12cf8fa717a6335a,dev,all,fpb:12cf8fa717a6335a
fpb:12d5cff60b560f45,dev,all,fpb:12d5cff60b560f45
fpb:12ee3377ff90f0f8,train,66,fpb:12ee3377ff90f0f8
fpb:131184b5b14b08c8,train,75,fpb:131184b5b14b08c8
fpb:13241fde832d0f66,dev,75,fpb:13241fde832d0f66
fpb:1325127ba63273bc,dev,all,fpb:1325127ba63273bc
fpb:132b3ef4ff0c448b,test,50,fpb:132b3ef4ff0c448b
fpb:1339f0fd7ea7bb83,dev,50,fpb:1339f0fd7ea7bb83
fpb:133a4055c5117eb6,test,all,fpb:133a4055c5117eb6
fpb:1343f6a6d3b89e52,train,all,fpb:1343f6a6d3b89e52
fpb:1346d8b3c5ca96f8,dev,75,fpb:1346d8b3c5ca96f8
fpb:135168c4e0ec2513,test,75,fpb:135168c4e0ec2513
fpb:136c3670aebf5670,train,all,fpb:136c3670aebf5670
fpb:136e32e99c8d5b9c,dev,all,fpb:136e32e99c8d5b9c
fpb:138b98430a0c779e,train,50,fpb:138b98430a0c779e
fpb:138c126dc70c6f61,train,75,fpb:138c126dc70c6f61
fpb:138ed8e43092713b,train,50,fpb:138ed8e43092713b
fpb:139bb95d625fbb8d,test,all,fpb:139bb95d625fbb8d
fpb:139c076595b2710f,train,75,fpb:139c076595b2710f
fpb:139dfb24965a6d59,train,all,fpb:139dfb24965a6d59
fpb:139f37b0d727decd,train,all,fpb:139f37b0d727decd
fpb:13a5d70c73dc3c0e,train,75,fpb:13a5d70c73dc3c0e
fpb:13a64a92e6769dfb,train,75,fpb:13a64a92e6769dfb
fpb:13b24653403fd66b,test,all,fpb:13b24653403fd66b
fpb:13b5d2c8960290e3,dev,all,fpb:13b5d2c8960290e3
fpb:13d918a47a4e4a01,test,66,fpb:13d918a47a4e4a01
fpb:13e41dad23c41a93,train,66,fpb:13e41dad23c41a93
fpb:13e8e50db55f48df,train,66,fpb:13e8e50db55f48df
fpb:13fb1362e57ed96e,test,50,fpb:13fb1362e57ed96e
fpb:13fc7ade94a062fe,train,75,fpb:13fc7ade94a062fe
fpb:14131df589caf3f9,test,all,fpb:14131df589caf3f9
fpb:14366e96ccf6d305,train,all,fpb:14366e96ccf6d305
fpb:1437d44e166f667f,test,50,fpb:1437d44e166f667f
fpb:143d4c443e46b841,test,75,fpb:143d4c443e46b841
fpb:1449a8a416c228c5,train,all,fpb:1449a8a416c228c5
fpb:144c4b6c538a112c,dev,all,fpb:144c4b6c538a112c
fpb:145ea7e0372a484d,train,75,fpb:145ea7e0372a484d
fpb:146dbc4ca3f07161,dev,66,fpb:146dbc4ca3f07161
fpb:146e505a481bd777,test,75,fpb:146e505a481bd777
fpb:147ac6a303f6652f,test,75,fpb:147ac6a303f6652f
fpb:147e4eba70b22588,train,all,fpb:147e4eba70b22588
fpb:1485eabfa0be944c,train,all,fpb:1485eabfa0be944c
fpb:148703baafb59831,train,75,fpb:148703baafb59831
fpb:14a871d9e2a22c61,dev,50,fpb:14a871d9e2a22c61
fpb:14b027606db5bc27,train,all,fpb:14b027606db5bc27
fpb:14bd1178f9166656,train,66,fpb:14bd1178f9166656
fpb:14c38bdbb4fbe320,dev,66,fpb:14c38bdbb4fbe320
fpb:14d9ee6e3f3fdda5,train,50,fpb:14d9ee6e3f3fdda5
fpb:14dc1b58ccee0653,dev,75,fpb:14dc1b58ccee0653
fpb:14e0cdba359c2e35,train,50,fpb:14e0cdba359c2e35
fpb:14efdb8918205cc4,dev,all,fpb:14efdb8918205cc4
fpb:14f91c9e4d7e719d,test,75,fpb:14f91c9e4d7e719d
fpb:15025480bf68492d,train,50,fpb:15025480bf68492d
fpb:15076588bbadcb11,train,all,fpb:15076588bbadcb11
fpb:151072b7e5177b77,train,all,fpb:151072b7e5177b77
fpb:1515e5fbdc577fda,train,all,fpb:1515e5fbdc577fda
fpb:1543ab9626bb36d5,train,75,fpb:1543ab9626bb36d5
fpb:155fbec3443d929a,train,all,fpb:155fbec3443d929a
fpb:156010cb81ba395a,train,all,fpb:156010cb81ba395a
fpb:156378ff4086be84,train,all,fpb:156378ff4086be84
fpb:1571bf81518f4f15,train,75,fpb:1571bf81518f4f15
fpb:1576bdcc424bac80,train,all,fpb:1576bdcc424bac80
fpb:158d5c54a379053e,train,all,fpb:158d5c54a379053e
fpb:15927a8fdc87a5b9,train,all,fpb:15927a8fdc87a5b9
fpb:1593c1fbd286ff12,train,all,fpb:1593c1fbd286ff12
fpb:15965bc0c54a6a76,train,75,fpb:15965bc0c54a6a76
fpb:159928ef0802da41,train,66,fpb:159928ef0802da41
fpb:15a3ecff7a9dfd92,test,66,fpb:15a3ecff7a9dfd92
fpb:15a6259869d5e8d8,train,75,fpb:15a6259869d5e8d8
fpb:15ab7fb383e94671,train,75,fpb:15ab7fb383e94671
fpb:15b1c8a0d2e0af04,train,75,fpb:15b1c8a0d2e0af04
fpb:15d22068a17034f6,train,75,fpb:15d22068a17034f6
fpb:15d529fa0fad04de,train,50,fpb:15d529fa0fad04de
fpb:15e08eb139b74c79,test,66,fpb:15e08eb139b74c79
fpb:15e7bb59a91ffb0b,train,all,fpb:15e7bb59a91ffb0b
fpb:15ee037c2b1927d2,train,66,fpb:15ee037c2b1927d2
fpb:16129f7c4f9c7625,test,50,fpb:16129f7c4f9c7625
fpb:1612b4022361a863,train,75,fpb:1612b4022361a863
fpb:162bf2092650193e,train,all,fpb:162bf2092650193e
fpb:16380a6756c7f338,train,50,fpb:16380a6756c7f338
fpb:164131b94dfa5147,train,all,fpb:164131b94dfa5147
fpb:1676e202fcf689c0,train,all,fpb:1676e202fcf689c0
fpb:168ba5b92d407bf2,train,50,fpb:168ba5b92d407bf2
fpb:169384c9fa6fa79a,train,all,fpb:169384c9fa6fa79a
fpb:16ab2cbb5e0b65bd,train,all,fpb:16ab2cbb5e0b65bd
fpb:16ba31e7b064ecb1,test,all,fpb:16ba31e7b064ecb1
fpb:16c007429174ca23,test,all,fpb:16c007429174ca23
fpb:16c07c121d651833,train,all,fpb:16c07c121d651833
fpb:16c3dbad8d745112,train,all,fpb:16c3dbad8d745112
fpb:16c95aaf7f2b1d68,dev,75,fpb:16c95aaf7f2b1d68
fpb:16e04a73bbbb99f1,train,all,fpb:16e04a73bbbb99f1
fpb:16e688b23be15b53,train,all,fpb:16e688b23be15b53
fpb:16ea5cd2b2b64d15,train,66,fpb:16ea5cd2b2b64d15
fpb:16efda521968553b,train,all,fpb:16efda521968553b
fpb:16f040d64dc05065,train,all,fpb:16f040d64dc05065
fpb:16f8cac7ebe2fae9,train,66,fpb:16f8cac7ebe2fae9
fpb:170591bcf6fead54,train,all,fpb:170591bcf6fead54
fpb:170e002860d9df16,dev,66,fpb:170e002860d9df16
fpb:1717216c736573ba,train,66,fpb:1717216c736573ba
fpb:171bb52bb040c88d,train,75,fpb:171bb52bb040c88d
fpb:1728013c10e258b1,test,all,fpb:1728013c10e258b1
fpb:17470a4d35212ea8,train,all,fpb:17470a4d35212ea8
fpb:174b78230b62e465,train,all,fpb:174b78230b62e465
fpb:174e6ce71b1b8b50,train,all,fpb:174e6ce71b1b8b50
fpb:17626f4e652d5f87,train,all,fpb:17626f4e652d5f87
fpb:177225fd94f63699,test,66,fpb:177225fd94f63699
fpb:1779f333edc9a882,train,all,fpb:1779f333edc9a882
fpb:17bda517c9a88c5c,train,50,fpb:17bda517c9a88c5c
fpb:17d3792bd01fa632,train,66,fpb:17d3792bd01fa632
fpb:17daedd9be8c14e6,train,all,fpb:17daedd9be8c14e6
fpb:17e258bbb876e7f4,train,all,fpb:17e258bbb876e7f4
fpb:17e2bc83aa12f023,train,75,fpb:17e2bc83aa12f023
fpb:17eec275dc326a77,train,all,fpb:17eec275dc326a77
fpb:17f8edb29dd0acc8,train,66,fpb:17f8edb29dd0acc8
fpb:1805b2e920b4c288,dev,all,fpb:1805b2e920b4c288
fpb:181c8286afa3ef76,train,all,fpb:181c8286afa3ef76
fpb:1828d42f0d925a8d,train,66,fpb:1828d42f0d925a8d
fpb:182f4be16d791c89,train,66,fpb:182f4be16d791c89
fpb:1853c5d503b17823,train,all,fpb:1853c5d503b17823
fpb:185fd76923f8bf46,train,all,fpb:185fd76923f8bf46
fpb:186eb3f3094e3fb9,dev,50,fpb:186eb3f3094e3fb9
fpb:187e8099dff2d56a,train,all,fpb:187e8099dff2d56a
fpb:189bf9aeba7aab4e,train,all,fpb:189bf9aeba7aab4e
fpb:189e4b3f21ee8bd8,train,66,fpb:189e4b3f21ee8bd8
fpb:18af0c7396e46fe0,train,50,fpb:18af0c7396e46fe0
fpb:18b2be5fabae44bc,train,50,fpb:18b2be5fabae44bc
fpb:18b3b090f408fbd0,dev,66,fpb:18b3b090f408fbd0
fpb:18d8397d3aa50a69,train,all,fpb:18d8397d3aa50a69
fpb:18dfa8fa07983592,dev,all,fpb:18dfa8fa07983592
fpb:18f132cc7158be9a,train,75,fpb:18f132cc7158be9a
fpb:18f2ac44df836527,train,all,fpb:18f2ac44df836527
fpb:190aecc69864a9fc,dev,66,fpb:190aecc69864a9fc
fpb:191108409b69611b,dev,all,fpb:191108409b69611b
fpb:1914a11e22efa67a,test,all,fpb:1914a11e22efa67a
fpb:191c43b25498bfeb,test,all,fpb:191c43b25498bfeb
fpb:191dedf276540faa,train,75,fpb:191dedf276540faa
fpb:191fe55eee88ad5a,train,all,fpb:191fe55eee88ad5a
fpb:1930f0c5b7b56cb5,test,all,fpb:1930f0c5b7b56cb5
fpb:1933497720a8d86c,test,75,fpb:1933497720a8d86c
fpb:193a5ee2d7843066,train,all,fpb:193a5ee2d7843066
fpb:1940efb62b680115,train,all,fpb:1940efb62b680115
fpb:19783cec587f8994,train,all,fpb:19783cec587f8994
fpb:19858d42c771a581,dev,all,fpb:19858d42c771a581
fpb:19a05e446c1d258b,train,all,fpb:19a05e446c1d258b
fpb:19b185531d3fecaf,dev,75,fpb:19b185531d3fecaf
fpb:19b7b334fd792c0a,train,75,fpb:19b7b334fd792c0a
fpb:19c4a71e262c9f1c,train,all,fpb:19c4a71e262c9f1c
fpb:19d575866bca7efa,train,all,fpb:19d575866bca7efa
fpb:19ea73e5e8629fec,train,all,fpb:19ea73e5e8629fec
fpb:19eca4f1fdd8cd21,train,50,fpb:19eca4f1fdd8cd21
fpb:19f0d29ea10b4c7d,test,66,fpb:19f0d29ea10b4c7d
fpb:19fec7999f3ee3b2,test,66,fpb:19fec7999f3ee3b2
fpb:1a0c8e03f98641e8,test,75,fpb:1a0c8e03f98641e8
fpb:1a116aa5db362962,train,50,fpb:1a116aa5db362962
fpb:1a1d58539ff70f6c,test,75,fpb:1a1d58539ff70f6c
fpb:1a2556b61a6b9704,test,all,fpb:1a2556b61a6b9704
fpb:1a29064e404a0c5c,train,all,fpb:1a29064e404a0c5c
fpb:1a2e2313ab7719c6,train,66,fpb:1a2e2313ab7719c6
fpb:1a302ae70bb585db,train,50,fpb:1a302ae70bb585db
fpb:1a43e1332f78d44d,test,75,fpb:1a43e1332f78d44d
fpb:1a4de4316e74377d,train,66,fpb:1a4de4316e74377d
fpb:1a551e5c5ff4d130,test,all,fpb:1a551e5c5ff4d130
fpb:1a75678f9b6649c3,dev,all,fpb:1a75678f9b6649c3
fpb:1a85599a5e6fa893,train,50,fpb:1a85599a5e6fa893
fpb:1a97266869eb9b85,test,50,fpb:1a97266869eb9b85
fpb:1a9de797e1dee8fa,train,75,fpb:1a9de797e1dee8fa
fpb:1a9f7016829011fb,train,all,fpb:1a9f7016829011fb
fpb:1aa3d6ca0b2d7a57,dev,66,fpb:1aa3d6ca0b2d7a57
fpb:1aba88b019c21147,train,66,fpb:1aba88b019c21147
fpb:1ad2d9727c71dc63,dev,all,fpb:1ad2d9727c71dc63
fpb:1ad32842a6175e1f,train,all,fpb:1ad32842a6175e1f
fpb:1ad3cc565550328b,train,75,fpb:1ad3cc565550328b
fpb:1adb97cc453ae9ed,train,all,fpb:1adb97cc453ae9ed
fpb:1ae19aedc083887d,train,75,fpb:1ae19aedc083887d
fpb:1aed46a77777c430,train,75,fpb:1aed46a77777c430
fpb:1af06139f3fa977b,train,66,fpb:1af06139f3fa977b
fpb:1af28e20e799c40b,train,66,fpb:1af28e20e799c40b
fpb:1af8dc8e1974a780,test,all,fpb:1af8dc8e1974a780
fpb:1afa51790f1bacd7,test,all,fpb:1afa51790f1bacd7
fpb:1b00cf2aee1b65c4,train,75,fpb:1b00cf2aee1b65c4
fpb:1b10cc36caccbd83,test,all,fpb:1b10cc36caccbd83
fpb:1b263667cc3b269d,train,all,fpb:1b263667cc3b269d
fpb:1b469b4dee2d610a,train,66,fpb:1b469b4dee2d610a
fpb:1b4e9c64e7c6ade7,train,66,fpb:1b4e9c64e7c6ade7
fpb:1b61330a7e192f9a,train,66,fpb:1b61330a7e192f9a
fpb:1ba76a790936a8d3,test,all,fpb:1ba76a790936a8d3
fpb:1ba862677bcc4bf8,test,all,fpb:1ba862677bcc4bf8
fpb:1bb503530d76f58e,train,75,fpb:1bb503530d76f58e
fpb:1bcde9ea8fbd03f1,train,50,fpb:1bcde9ea8fbd03f1
fpb:1bd3f5130632a1b5,test,66,fpb:1bd3f5130632a1b5
fpb:1bd4c14065c03f9e,train,75,fpb:1bd4c14065c03f9e
fpb:1be5dae658b4b052,train,75,fpb:1be5dae658b4b052
fpb:1be6c3f30269289e,train,75,fpb:1be6c3f30269289e
fpb:1beabe31eac6a858,train,66,fpb:1beabe31eac6a858
fpb:1c0d14b068f4c684,train,all,fpb:1c0d14b068f4c684
fpb:1c2dd7437cca8d9d,train,all,fpb:1c2dd7437cca8d9d
fpb:1c2ed353bbcd5d37,train,all,fpb:1c2ed353bbcd5d37
fpb:1c4c912a92009214,train,all,fpb:1c4c912a92009214
fpb:1c55b025a2ac0a99,train,50,fpb:1c55b025a2ac0a99
fpb:1c65ad5950b30db9,test,all,fpb:1c65ad5950b30db9
fpb:1c6699835d36c828,train,all,fpb:1c6699835d36c828
fpb:1c7ec40667457414,train,66,fpb:1c7ec40667457414
fpb:1c82bdff535ae92d,train,50,fpb:1c82bdff535ae92d
fpb:1c8c488a45f19c02,train,all,fpb:1c8c488a45f19c02
fpb:1c98b6620154eccd,test,75,fpb:1c98b6620154eccd
fpb:1c9c23029dfec204,train,75,fpb:1c9c23029dfec204
fpb:1ca71a3e33a240f7,test,all,fpb:1ca71a3e33a240f7
fpb:1ca8c05ecdfbf25a,train,50,fpb:1ca8c05ecdfbf25a
fpb:1cbdbc109bef16da,train,66,fpb:1cbdbc109bef16da
fpb:1cbdbfcc459c8f15,train,50,fpb:1cbdbfcc459c8f15
fpb:1cc4f4cf8d4055aa,train,50,fpb:1cc4f4cf8d4055aa
fpb:1cd76bdc947c35d5,train,all,fpb:1cd76bdc947c35d5
fpb:1ce995738bddfe6f,test,all,fpb:1ce995738bddfe6f
fpb:1cee0a7bca72dc5d,test,66,fpb:1cee0a7bca72dc5d
fpb:1cf2ab2df4dc3180,dev,66,fpb:1cf2ab2df4dc3180
fpb:1cf51423c4701bd1,train,66,fpb:1cf51423c4701bd1
fpb:1d03121a434e23f5,test,all,fpb:1d03121a434e23f5
fpb:1d0947eb417a2aa0,train,75,fpb:1d0947eb417a2aa0
fpb:1d098fadf0dae859,train,75,fpb:1d098fadf0dae859
fpb:1d33701c7ddc3b44,test,all,fpb:1d33701c7ddc3b44
fpb:1d3ccf91f5943391,train,all,fpb:1d3ccf91f5943391
fpb:1d4648042e4954b6,train,all,fpb:1d4648042e4954b6
fpb:1d4ffb2f5ca75bce,train,66,fpb:1d4ffb2f5ca75bce
fpb:1d5c2a0ca434f739,train,all,fpb:1d5c2a0ca434f739
fpb:1d68662207e86cff,test,50,fpb:1d68662207e86cff
fpb:1d69d597f07d365f,train,all,fpb:1d69d597f07d365f
fpb:1d7091a13ed053f6,test,all,fpb:1d7091a13ed053f6
fpb:1d72274ae5f8d13d,train,all,fpb:1d72274ae5f8d13d
fpb:1d77adb67d826270,train,all,fpb:1d77adb67d826270
fpb:1d7bf9f4b7aefb4e,train,75,fpb:1d7bf9f4b7aefb4e
fpb:1d86bc452e5f77dc,train,75,fpb:1d86bc452e5f77dc
fpb:1da7f1b0adc1f82e,train,75,fpb:1da7f1b0adc1f82e
fpb:1daacc69293337b4,train,all,fpb:1daacc69293337b4
fpb:1dbad93d0ea8734c,train,all,fpb:1dbad93d0ea8734c
fpb:1dbf7e5c1d258600,dev,66,fpb:1dbf7e5c1d258600
fpb:1dbfcc94be8a059f,dev,all,fpb:1dbfcc94be8a059f
fpb:1dc273ff85236571,train,all,fpb:1dc273ff85236571
fpb:1dc5e68728c99c07,test,50,fpb:1dc5e68728c99c07
fpb:1dc9db0d755a17bb,train,all,fpb:1dc9db0d755a17bb
fpb:1dcd1a5020eb2518,train,50,fpb:1dcd1a5020eb2518
fpb:1dd32c70abfa99b1,test,75,fpb:1dd32c70abfa99b1
fpb:1df1d3280e946b30,train,all,fpb:1df1d3280e946b30
fpb:1dff7431941d62f9,dev,50,fpb:1dff7431941d62f9
fpb:1e0bf9d6cd7a47d0,train,66,fpb:1e0bf9d6cd7a47d0
fpb:1e24012d412aadb8,train,66,fpb:1e24012d412aadb8
fpb:1e260e5f5aacba08,train,75,fpb:1e260e5f5aacba08
fpb:1e2f70a08515c5b2,test,75,fpb:1e2f70a08515c5b2
fpb:1e7d78ce98a116e7,train,50,fpb:1e7d78ce98a116e7
fpb:1e83be6a0a8d2377,dev,75,fpb:1e83be6a0a8d2377
fpb:1e8506901ebd2393,train,all,fpb:1e8506901ebd2393
fpb:1e859b6682d8076a,train,all,fpb:1e859b6682d8076a
fpb:1e8ac39acb1e52c1,train,50,fpb:1e8ac39acb1e52c1
fpb:1e8eb81b7bf4092a,test,50,fpb:1e8eb81b7bf4092a
fpb:1e99a99f6e692855,train,75,fpb:1e99a99f6e692855
fpb:1eb80b435e17396c,test,all,fpb:1eb80b435e17396c
fpb:1ec1e3a69e77460d,train,all,fpb:1ec1e3a69e77460d
fpb:1ecac1f353873ec3,train,all,fpb:1ecac1f353873ec3
fpb:1ee06a0506300d8c,test,66,fpb:1ee06a0506300d8c
fpb:1ee52f6c1f599861,train,all,fpb:1ee52f6c1f599861
fpb:1f004106657df10e,test,66,fpb:1f004106657df10e
fpb:1f0c9f94d8cddf7a,train,66,fpb:1f0c9f94d8cddf7a
fpb:1f3056b03da35aac,train,50,fpb:1f3056b03da35aac
fpb:1f357b87011e3069,dev,all,fpb:1f357b87011e3069
fpb:1f47f5e31283baa4,train,all,fpb:1f47f5e31283baa4
fpb:1f5c5f525607ff1e,train,50,fpb:1f5c5f525607ff1e
fpb:1f636c9222d90834,train,75,fpb:1f636c9222d90834
fpb:1f7325077b94c3b5,train,50,fpb:1f7325077b94c3b5
fpb:1fc778215e8520d0,train,all,fpb:1fc778215e8520d0
fpb:1fc8b60c554a0d30,test,50,fpb:1fc8b60c554a0d30
fpb:1fd4653b577f94ee,test,66,fpb:1fd4653b577f94ee
fpb:1fdd2f56437e7520,test,all,fpb:1fdd2f56437e7520
fpb:1fde4c600407104c,train,66,fpb:1fde4c600407104c
fpb:1ff4d63a2c1f2528,test,66,fpb:1ff4d63a2c1f2528
fpb:2007bed9db47e49d,train,all,fpb:2007bed9db47e49d
fpb:201ac0b567edf487,train,all,fpb:201ac0b567edf487
fpb:202ca47e39da68e8,dev,all,fpb:202ca47e39da68e8
fpb:202dc279f6cd760b,train,66,fpb:202dc279f6cd760b
fpb:203de6c413ebfdb2,test,75,fpb:203de6c413ebfdb2
fpb:20409e1c84ec8b4f,test,75,fpb:20409e1c84ec8b4f
fpb:20575e8981b1b236,train,75,fpb:20575e8981b1b236
fpb:20621755ac39931a,train,66,fpb:20621755ac39931a
fpb:20689a69a7bf34cf,test,all,fpb:20689a69a7bf34cf
fpb:206c8eafdeb95aa1,test,all,fpb:206c8eafdeb95aa1
fpb:20798b0edc589df8,train,75,fpb:20798b0edc589df8
fpb:207afe6351e473a9,dev,all,fpb:207afe6351e473a9
fpb:2092666bc201b778,test,75,fpb:2092666bc201b778
fpb:20972e91cd7caa53,test,all,fpb:20972e91cd7caa53
fpb:209e252a7d3ca003,test,75,fpb:209e252a7d3ca003
fpb:20a2214b9a8b755e,train,50,fpb:20a2214b9a8b755e
fpb:20a8fa2b1dd60eac,train,75,fpb:20a8fa2b1dd60eac
fpb:212b2717c417f2b8,test,all,fpb:212b2717c417f2b8
fpb:213318f1065e7b80,train,66,fpb:213318f1065e7b80
fpb:2135f5aa09347386,test,66,fpb:2135f5aa09347386
fpb:21522233811a6979,train,all,fpb:21522233811a6979
fpb:2157df8e7a261c21,test,all,fpb:2157df8e7a261c21
fpb:215bb3ff7ebc4b21,test,75,fpb:215bb3ff7ebc4b21
fpb:215f17f847ecf2ab,test,all,fpb:215f17f847ecf2ab
fpb:217382fbdaa209b5,test,all,fpb:217382fbdaa209b5
fpb:217919455f7b1032,train,75,fpb:217919455f7b1032
fpb:217e0300396b5fed,train,75,fpb:217e0300396b5fed
fpb:21969a8ed6821cc6,train,all,fpb:21969a8ed6821cc6
fpb:21c071feff2b0812,train,all,fpb:21c071feff2b0812
fpb:21cafffe0fed6105,train,all,fpb:21cafffe0fed6105
fpb:21df68395fba0fe7,train,66,fpb:21df68395fba0fe7
fpb:21e157e44e118742,train,50,fpb:21e157e44e118742
fpb:21e3b64232921a82,test,75,fpb:21e3b64232921a82
fpb:21e40b6b19be0595,train,75,fpb:21e40b6b19be0595
fpb:21edc1ea82adea7d,train,50,fpb:21edc1ea82adea7d
fpb:2201f0dedf1bed73,train,all,fpb:2201f0dedf1bed73
fpb:22162e63bb919417,train,75,fpb:22162e63bb919417
fpb:2221af36e4e4e134,test,all,fpb:2221af36e4e4e134
fpb:2222cc2f3151de51,train,75,fpb:2222cc2f3151de51
fpb:22389cb49b772c0b,test,all,fpb:22389cb49b772c0b
fpb:223ce5e1c77e6a61,test,75,fpb:223ce5e1c77e6a61
fpb:224af6daff1df6c4,train,50,fpb:224af6daff1df6c4
fpb:224df4edc83b508e,train,75,fpb:224df4edc83b508e
fpb:2258cc6c66805a5e,train,75,fpb:2258cc6c66805a5e
fpb:22a8d661d74c2a62,test,all,fpb:22a8d661d74c2a62
fpb:22accd7a6ca90c8f,train,all,fpb:22accd7a6ca90c8f
fpb:22ae3cc2aedb6b12,train,all,fpb:22ae3cc2aedb6b12
fpb:22bbb5a9cbacf5a2,train,50,fpb:22bbb5a9cbacf5a2
fpb:22c7d243cfba0905,train,all,fpb:22c7d243cfba0905
fpb:22cc124b72804151,train,66,fpb:22cc124b72804151
fpb:22d54fac306199c7,train,all,fpb:22d54fac306199c7
fpb:22efa953dd7749f3,test,50,fpb:22efa953dd7749f3
fpb:2307e98eb450a444,train,all,fpb:2307e98eb450a444
fpb:2308eb0a4a0d09c2,train,75,fpb:2308eb0a4a0d09c2
fpb:2324cd4be56c791d,train,all,fpb:2324cd4be56c791d
fpb:2337022a751a1254,test,50,fpb:2337022a751a1254
fpb:23455f46f0954a99,train,66,fpb:23455f46f0954a99
fpb:234b304a1be4d193,dev,all,fpb:234b304a1be4d193
fpb:23531fdac79f2752,dev,50,fpb:23531fdac79f2752
fpb:2357944ecc22438a,dev,all,fpb:2357944ecc22438a
fpb:2358d23b8dc9e71c,train,all,fpb:2358d23b8dc9e71c
fpb:23740d37a9b57dd4,train,50,fpb:23740d37a9b57dd4
fpb:237572e2e1cdac60,train,all,fpb:237572e2e1cdac60
fpb:237cfb0cb536221f,dev,all,fpb:237cfb0cb536221f
fpb:2380e84b05c791ec,train,75,fpb:2380e84b05c791ec
fpb:2383a90e1a9f5fdf,train,66,fpb:2383a90e1a9f5fdf
fpb:2387168962dd5b4a,train,75,fpb:2387168962dd5b4a
fpb:238afffa55805340,train,all,fpb:238afffa55805340
fpb:239110205d2b87b2,train,50,fpb:239110205d2b87b2
fpb:239ff61800bedae5,train,all,fpb:239ff61800bedae5
fpb:23aea8ed4b56b673,train,all,fpb:23aea8ed4b56b673
fpb:23b13394f8ecfff7,test,66,fpb:23b13394f8ecfff7
fpb:23b3007414332d68,train,75,fpb:23b3007414332d68
fpb:23c059bd230968c1,train,66,fpb:23c059bd230968c1
fpb:23cf70601e9943c5,train,50,fpb:23cf70601e9943c5
fpb:23de179d66bbaad1,train,66,fpb:23de179d66bbaad1
fpb:240996ca682649c8,train,50,fpb:240996ca682649c8
fpb:24142dd3dc9dec7d,train,66,fpb:24142dd3dc9dec7d
fpb:244860b40d32c3c5,train,all,fpb:244860b40d32c3c5
fpb:2450c1695b56194b,dev,all,fpb:2450c1695b56194b
fpb:2452c68259ec55bd,test,66,fpb:2452c68259ec55bd
fpb:247af776ae3236de,train,all,fpb:247af776ae3236de
fpb:2496f8989f876a40,train,all,fpb:2496f8989f876a40
fpb:2499f970fd80d34a,train,75,fpb:2499f970fd80d34a
fpb:249c41b6b8504ab4,train,66,fpb:249c41b6b8504ab4
fpb:249da8eb42aa60da,test,all,fpb:249da8eb42aa60da
fpb:24a4f511ad804fc5,train,75,fpb:24a4f511ad804fc5
fpb:24a589b15482a32a,train,all,fpb:24a589b15482a32a
fpb:24a8fb092c866555,train,75,fpb:24a8fb092c866555
fpb:24c9261118ea0005,train,66,fpb:24c9261118ea0005
fpb:24ee99e201484561,train,all,fpb:24ee99e201484561
fpb:24fb8611c83aab86,train,all,fpb:24fb8611c83aab86
fpb:2508539ba050c821,test,75,fpb:2508539ba050c821
fpb:250a6cf929fb9b33,test,75,fpb:250a6cf929fb9b33
fpb:250e5c795dbc4deb,train,75,fpb:250e5c795dbc4deb
fpb:25226fd8a0a35bf2,train,75,fpb:25226fd8a0a35bf2
fpb:253e1a63994ccd49,dev,all,fpb:253e1a63994ccd49
fpb:25436324457498b7,train,all,fpb:25436324457498b7
fpb:2544f1db78fa3df5,train,all,fpb:2544f1db78fa3df5
fpb:25500b24d02fb47c,train,75,fpb:25500b24d02fb47c
fpb:2553c771f38b80ab,train,all,fpb:2553c771f38b80ab
fpb:2556eee44ba5dbc3,train,50,fpb:2556eee44ba5dbc3
fpb:25659498669f2c55,train,all,fpb:25659498669f2c55
fpb:2593253d745758b1,test,all,fpb:2593253d745758b1
fpb:259496d4afc127bd,train,75,fpb:259496d4afc127bd
fpb:2599a53d38a48ba7,train,50,fpb:2599a53d38a48ba7
fpb:25adac1f0c35848b,train,all,fpb:25adac1f0c35848b
fpb:25b0a9ab156d6008,train,all,fpb:25b0a9ab156d6008
fpb:25bda2195c426bf4,train,all,fpb:25bda2195c426bf4
fpb:25cc2a875d0d06b8,train,all,fpb:25cc2a875d0d06b8
fpb:25dfe807c2dd216e,dev,75,fpb:25dfe807c2dd216e
fpb:25e133e097bc3c81,train,75,fpb:25e133e097bc3c81
fpb:25e79f20a71182ed,test,66,fpb:25e79f20a71182ed
fpb:25f50821ac7a42fb,test,all,fpb:25f50821ac7a42fb
fpb:2616ed73583bdb95,train,66,fpb:2616ed73583bdb95
fpb:261950cb4efe929e,test,66,fpb:261950cb4efe929e
fpb:262889c6b7ab5271,train,all,fpb:262889c6b7ab5271
fpb:26350d6bc7a34553,test,75,fpb:26350d6bc7a34553
fpb:264c90752dbc0c4d,train,75,fpb:264c90752dbc0c4d
fpb:2651484ec25a2f82,train,all,fpb:2651484ec25a2f82
fpb:266d3e006c72f19b,train,50,fpb:266d3e006c72f19b
fpb:26847dfaa691ec99,train,all,fpb:26847dfaa691ec99
fpb:2686ce2dcbca4126,train,all,fpb:2686ce2dcbca4126
fpb:268be1c65b324717,train,75,fpb:268be1c65b324717
fpb:269b24fa5203e787,train,all,fpb:269b24fa5203e787
fpb:26a0e7025f00eefb,test,75,fpb:26a0e7025f00eefb
fpb:26b24f73914b56e9,test,all,fpb:26b24f73914b56e9
fpb:26b556050be42aa3,train,75,fpb:26b556050be42aa3
fpb:26d26ddb24fcc753,train,all,fpb:26d26ddb24fcc753
fpb:26da9e0ab2b075e0,test,all,fpb:26da9e0ab2b075e0
fpb:26dba87ac8c452f9,train,75,fpb:26dba87ac8c452f9
fpb:26e0473b39e9e6ef,train,all,fpb:26e0473b39e9e6ef
fpb:2716215f5e6ae354,train,50,fpb:2716215f5e6ae354
fpb:272323a7730bdf58,train,all,fpb:272323a7730bdf58
fpb:2738f2576d0ed5c9,train,all,fpb:2738f2576d0ed5c9
fpb:276ea2e16b786cd0,dev,75,fpb:276ea2e16b786cd0
fpb:277d7265dbd6fe96,train,all,fpb:277d7265dbd6fe96
fpb:277e43caa2e6b6ac,train,all,fpb:277e43caa2e6b6ac
fpb:278ac085e3d0dbcc,test,75,fpb:278ac085e3d0dbcc
fpb:278d669594e1ecbf,train,50,fpb:278d669594e1ecbf
fpb:27906320b7ed2d2b,train,all,fpb:27906320b7ed2d2b
fpb:27982bf34cd8ccf6,test,all,fpb:27982bf34cd8ccf6
fpb:2799eeee8c0575cb,dev,all,fpb:2799eeee8c0575cb
fpb:27b663f1033580fb,test,all,fpb:27b663f1033580fb
fpb:27c7b74548049e87,test,all,fpb:27c7b74548049e87
fpb:27c82b2875c2e9dd,train,66,fpb:27c82b2875c2e9dd
fpb:27cce83e7769c405,dev,all,fpb:27cce83e7769c405
fpb:27d4c1c3fc2a0d04,train,75,fpb:27d4c1c3fc2a0d04
fpb:27ed1f2c04e1c442,train,all,fpb:27ed1f2c04e1c442
fpb:2802493facd4ae50,train,all,fpb:2802493facd4ae50
fpb:280c295470ac026d,train,all,fpb:280c295470ac026d
fpb:2826aaad03e6c14a,test,66,fpb:2826aaad03e6c14a
fpb:283fc524df55704c,train,75,fpb:283fc524df55704c
fpb:2842a45136ba6466,train,75,fpb:2842a45136ba6466
fpb:28523b96cd6e69a5,train,50,fpb:28523b96cd6e69a5
fpb:2854a1a8ba883e90,train,50,fpb:2854a1a8ba883e90
fpb:28554d284cf196a2,test,all,fpb:28554d284cf196a2
fpb:28681c450c3b9df5,dev,all,fpb:28681c450c3b9df5
fpb:286dc62b484a77e2,train,all,fpb:286dc62b484a77e2
fpb:2892625d5c80538e,train,75,fpb:2892625d5c80538e
fpb:2898909dcb904b7e,dev,66,fpb:2898909dcb904b7e
fpb:28b1ac50ef2a00d7,test,66,fpb:28b1ac50ef2a00d7
fpb:28b952cc40989ad9,test,75,fpb:28b952cc40989ad9
fpb:28bf444105e5845c,train,75,fpb:28bf444105e5845c
fpb:28c19c4cc03255b1,train,50,fpb:28c19c4cc03255b1
fpb:28c97ba158c84e69,train,50,fpb:28c97ba158c84e69
fpb:28cbb3862a602af5,dev,all,fpb:28cbb3862a602af5
fpb:28d213cd9f8fcef5,train,50,fpb:28d213cd9f8fcef5
fpb:28d8cc77830a5285,train,all,fpb:28d8cc77830a5285
fpb:28f01fd201fb6a99,train,66,fpb:28f01fd201fb6a99
fpb:28f6477a76549f8c,train,all,fpb:28f6477a76549f8c
fpb:28fa47b732a82a58,test,all,fpb:28fa47b732a82a58
fpb:2900b720312f18e3,train,66,fpb:2900b720312f18e3
fpb:290b6b818a10bbf2,train,75,fpb:290b6b818a10bbf2
fpb:2921d0633a744b03,train,75,fpb:2921d0633a744b03
fpb:29285ca86132e345,train,75,fpb:29285ca86132e345
fpb:292c62245180ef2f,test,75,fpb:292c62245180ef2f
fpb:29336acabf700797,train,all,fpb:29336acabf700797
fpb:2933fcc3cfbdb611,train,75,fpb:2933fcc3cfbdb611
fpb:293936eab0aaba85,train,66,fpb:293936eab0aaba85
fpb:293a9cbf734ce8e1,train,all,fpb:293a9cbf734ce8e1
fpb:293aa147a46804e7,train,50,fpb:293aa147a46804e7
fpb:294417c8fb83a07e,train,all,fpb:294417c8fb83a07e
fpb:29534d60b3d51461,dev,all,fpb:29534d60b3d51461
fpb:296b403cf1c28299,train,66,fpb:296b403cf1c28299
fpb:297262397a9aa39d,train,all,fpb:297262397a9aa39d
fpb:298fa71aa49fc672,train,50,fpb:298fa71aa49fc672
fpb:29acc486a16f018d,train,all,fpb:29acc486a16f018d
fpb:29b55ba26b720619,train,50,fpb:29b55ba26b720619
fpb:29ca9f1ed3db370e,test,75,fpb:29ca9f1ed3db370e
fpb:29d058aefdacd605,test,all,fpb:29d058aefdacd605
fpb:29d94b40b646bf75,train,all,fpb:29d94b40b646bf75
fpb:29fca6ecc3369efe,train,50,fpb:29fca6ecc3369efe
fpb:2a06069c3062abef,train,all,fpb:2a06069c3062abef
fpb:2a0a5c377de16e15,train,all,fpb:2a0a5c377de16e15
fpb:2a0eb786fecbbfb2,train,50,fpb:2a0eb786fecbbfb2
fpb:2a12254b59604740,train,66,fpb:2a12254b59604740
fpb:2a1382ceb8c59d45,train,all,fpb:2a1382ceb8c59d45
fpb:2a3b5f293aafc345,dev,all,fpb:2a3b5f293aafc345
fpb:2a4547d41bead9f3,train,75,fpb:2a4547d41bead9f3
fpb:2a4e86f04ecfb826,train,all,fpb:2a4e86f04ecfb826
fpb:2a5871bcf7df3c36,train,75,fpb:2a5871bcf7df3c36
fpb:2a5a518e374c43d4,train,75,fpb:2a5a518e374c43d4
fpb:2a7e5eba223e1b3f,train,all,fpb:2a7e5eba223e1b3f
fpb:2a8d08938e2c3171,dev,all,fpb:2a8d08938e2c3171
fpb:2a98d69d337fc968,train,all,fpb:2a98d69d337fc968
fpb:2aa2b9849b30df93,dev,all,fpb:2aa2b9849b30df93
fpb:2ad4b1118b12cee8,train,75,fpb:2ad4b1118b12cee8
fpb:2ad60c57ab9d78a5,train,all,fpb:2ad60c57ab9d78a5
fpb:2ad85e3688eff7c7,train,all,fpb:2ad85e3688eff7c7
fpb:2addaf90f67ddea6,train,66,fpb:2addaf90f67ddea6
fpb:2addee3b80687c67,dev,all,fpb:2addee3b80687c67
fpb:2ae80467bd575182,train,all,fpb:2ae80467bd575182
fpb:2ae978bd9c0e3b6e,train,all,fpb:2ae978bd9c0e3b6e
fpb:2b13745059ed5eac,dev,75,fpb:2b13745059ed5eac
fpb:2b1d28b9bee43d2e,train,50,fpb:2b1d28b9bee43d2e
fpb:2b2cf7f3a6047479,train,75,fpb:2b2cf7f3a6047479
fpb:2b3a0e1a500f3770,dev,all,fpb:2b3a0e1a500f3770
fpb:2b402a50f4a6db9b,test,all,fpb:2b402a50f4a6db9b
fpb:2b479c7537e990b6,train,50,fpb:2b479c7537e990b6
fpb:2b4b30af3ee5c588,train,66,fpb:2b4b30af3ee5c588
fpb:2b5389812c9b924f,test,66,fpb:2b5389812c9b924f
fpb:2b54a6c6093d29b7,train,75,fpb:2b54a6c6093d29b7
fpb:2b5ba093c9a01ae2,test,75,fpb:2b5ba093c9a01ae2
fpb:2b723d786c6aaa06,train,all,fpb:2b723d786c6aaa06
fpb:2b7cc109df19b60c,train,75,fpb:2b7cc109df19b60c
fpb:2b81adb6394da82a,train,all,fpb:2b81adb6394da82a
fpb:2b8b5018aca0f380,test,all,fpb:2b8b5018aca0f380
fpb:2ba7d24ae98a42b1,train,all,fpb:2ba7d24ae98a42b1
fpb:2bb4735d4cd21308,train,all,fpb:2bb4735d4cd21308
fpb:2bc8036591d03fb5,train,all,fpb:2bc8036591d03fb5
fpb:2bcf250691d226eb,train,all,fpb:2bcf250691d226eb
fpb:2bd7cd9dcb93c8e4,test,66,fpb:2bd7cd9dcb93c8e4
fpb:2bec8de56829de3d,train,all,fpb:2bec8de56829de3d
fpb:2bed2da84fb8d1d3,test,all,fpb:2bed2da84fb8d1d3
fpb:2bf1c98d9531ef13,test,all,fpb:2bf1c98d9531ef13
fpb:2bf90a3087457801,test,all,fpb:2bf90a3087457801
fpb:2c0443b3923335ce,train,all,fpb:2c0443b3923335ce
fpb:2c0c87e96a550693,train,50,fpb:2c0c87e96a550693
fpb:2c1b963eba59c2b5,train,66,fpb:2c1b963eba59c2b5
fpb:2c1fd0e3561336dc,dev,all,fpb:2c1fd0e3561336dc
fpb:2c2ec820cb3cca47,train,75,fpb:2c2ec820cb3cca47
fpb:2c3fb125b95331a5,train,50,fpb:2c3fb125b95331a5
fpb:2c5896d190adfca9,train,50,fpb:2c5896d190adfca9
fpb:2c7042ff2070deb3,train,66,fpb:2c7042ff2070deb3
fpb:2c871cbfb1b94cde,train,all,fpb:2c871cbfb1b94cde
fpb:2c9e1ec714fa35e2,train,75,fpb:2c9e1ec714fa35e2
fpb:2c9fa76ce5388efd,train,all,fpb:2c9fa76ce5388efd
fpb:2ca2149bb412a855,train,66,fpb:2ca2149bb412a855
fpb:2cb4f788e349366b,dev,75,fpb:2cb4f788e349366b
fpb:2cba63ccb3957bbc,train,75,fpb:2cba63ccb3957bbc
fpb:2cc171b773f45e39,train,all,fpb:2cc171b773f45e39
fpb:2cc505e987cd9e91,test,66,fpb:2cc505e987cd9e91
fpb:2cc71138b73317b4,train,50,fpb:2cc71138b73317b4
fpb:2ccb7a56e257d080,dev,75,fpb:2ccb7a56e257d080
fpb:2ce049026207aed9,dev,all,fpb:2ce049026207aed9
fpb:2cea56220c4a2708,train,66,fpb:2cea56220c4a2708
fpb:2cf5a0073f81f43f,train,75,fpb:2cf5a0073f81f43f
fpb:2cffb377df9f46d8,train,50,fpb:2cffb377df9f46d8
fpb:2d1e91b88577d8ff,train,50,fpb:2d1e91b88577d8ff
fpb:2d20013b9ebd3b55,test,75,fpb:2d20013b9ebd3b55
fpb:2d24e3264431034b,train,all,fpb:2d24e3264431034b
fpb:2d302f1c9b119bcc,train,all,fpb:2d302f1c9b119bcc
fpb:2d3297fda519358c,train,all,fpb:2d3297fda519358c
fpb:2d34224d92542bbd,train,75,fpb:2d34224d92542bbd
fpb:2d4d6fe0619e30fc,train,all,fpb:2d4d6fe0619e30fc
fpb:2d5b611a425ae175,train,all,fpb:2d5b611a425ae175
fpb:2d6484a85275eb46,train,all,fpb:2d6484a85275eb46
fpb:2d75863ec9d3d46a,train,all,fpb:2d75863ec9d3d46a
fpb:2d7ae0627dd5b786,train,50,fpb:2d7ae0627dd5b786
fpb:2d85f1646f6cf950,test,66,fpb:2d85f1646f6cf950
fpb:2d879a1c20aebf9e,test,66,fpb:2d879a1c20aebf9e
fpb:2d9f9e6d64b38c3f,train,66,fpb:2d9f9e6d64b38c3f
fpb:2dabc18cde36659b,train,all,fpb:2dabc18cde36659b
fpb:2db3fc295510739d,train,75,fpb:2db3fc295510739d
fpb:2db93e0330a02ad0,train,75,fpb:2db93e0330a02ad0
fpb:2dc7ba579a651acd,train,50,fpb:2dc7ba579a651acd
fpb:2dcbbd2999219a31,train,all,fpb:2dcbbd2999219a31
fpb:2de97a353b0b8ed5,train,all,fpb:2de97a353b0b8ed5
fpb:2e0639dce33ae9d7,train,75,fpb:2e0639dce33ae9d7
fpb:2e1a13eb5e4f8bc2,train,all,fpb:2e1a13eb5e4f8bc2
fpb:2e2003e8cb41ad90,test,all,fpb:2e2003e8cb41ad90
fpb:2e4dcae265866852,train,75,fpb:2e4dcae265866852
fpb:2e653a0930799756,train,all,fpb:2e653a0930799756
fpb:2e7f7965a70a9614,test,75,fpb:2e7f7965a70a9614
fpb:2ea720ef8817b6ba,train,66,fpb:2ea720ef8817b6ba
fpb:2eae74f558fe42d4,train,66,fpb:2eae74f558fe42d4
fpb:2eb367f89c8d53f1,train,50,fpb:2eb367f89c8d53f1
fpb:2eb3ca5ce0e5b450,train,all,fpb:2eb3ca5ce0e5b450
fpb:2ebc21f94d5bc374,test,all,fpb:2ebc21f94d5bc374
fpb:2ecdeef74766ced8,train,all,fpb:2ecdeef74766ced8
fpb:2ecf52121b025c02,train,75,fpb:2ecf52121b025c02
fpb:2ecf7c087ec4c082,train,75,fpb:2ecf7c087ec4c082
fpb:2ed92e714a13548b,train,66,fpb:2ed92e714a13548b
fpb:2edde1770ea5d4d2,train,66,fpb:2edde1770ea5d4d2
fpb:2edfdb3cf16db2dd,train,all,fpb:2edfdb3cf16db2dd
fpb:2ee83c0cabaf8f28,train,all,fpb:2ee83c0cabaf8f28
fpb:2eec6f51b13832ed,train,all,fpb:2eec6f51b13832ed
fpb:2eeecce7d42c4d4e,train,50,fpb:2eeecce7d42c4d4e
fpb:2ef551fa724bdd11,test,75,fpb:2ef551fa724bdd11
fpb:2f0fce2a4a1132bc,test,75,fpb:2f0fce2a4a1132bc
fpb:2f2efdb49fbd7c12,train,50,fpb:2f2efdb49fbd7c12
fpb:2f49738134222e59,test,all,fpb:2f49738134222e59
fpb:2f50bbef5c3bda17,train,66,fpb:058c37e563aa1c11
fpb:2f599abda9b16c65,train,75,fpb:2f599abda9b16c65
fpb:2f6ec4dc94de581b,train,50,fpb:2f6ec4dc94de581b
fpb:2f79907e84860c33,test,66,fpb:2f79907e84860c33
fpb:2f8e0d1c38176031,dev,66,fpb:2f8e0d1c38176031
fpb:2f8e5bff854af035,train,all,fpb:2f8e5bff854af035
fpb:2f8ef18394b052f2,test,all,fpb:2f8ef18394b052f2
fpb:2f9b739947a7bc8c,train,all,fpb:2f9b739947a7bc8c
fpb:2fa0f7ffb876d8a7,train,50,fpb:2fa0f7ffb876d8a7
fpb:2fb23fd8a60b1a95,train,75,fpb:2fb23fd8a60b1a95
fpb:2fb78c74d19a808c,train,all,fpb:2fb78c74d19a808c
fpb:2fbb11bcf3705ce7,train,all,fpb:2fbb11bcf3705ce7
fpb:2fdb344b71da67d5,test,75,fpb:2fdb344b71da67d5
fpb:2fdfe818e5289ded,test,all,fpb:2fdfe818e5289ded
fpb:3011909874ddc049,train,50,fpb:3011909874ddc049
fpb:302b0e8bd04f6f9f,train,66,fpb:302b0e8bd04f6f9f
fpb:303584a738a01e9f,train,66,fpb:303584a738a01e9f
fpb:3049bcb4ad02f5a6,test,all,fpb:3049bcb4ad02f5a6
fpb:304f1478053820ee,train,all,fpb:304f1478053820ee
fpb:3053135f6a09a581,train,all,fpb:3053135f6a09a581
fpb:3068bfb4b198a1f8,train,75,fpb:3068bfb4b198a1f8
fpb:308e6d1775d1efe8,train,all,fpb:308e6d1775d1efe8
fpb:3091a215836d3ca9,train,all,fpb:3091a215836d3ca9
fpb:30950c3801fe5e9b,dev,all,fpb:30950c3801fe5e9b
fpb:30e2c287e3b52d00,test,all,fpb:30e2c287e3b52d00
fpb:30ef0a3b696314e5,dev,all,fpb:30ef0a3b696314e5
fpb:31015aeea1b6cc38,train,66,fpb:31015aeea1b6cc38
fpb:31144c3bbe6050a5,train,75,fpb:31144c3bbe6050a5
fpb:311a6ccd1f00e9f7,train,all,fpb:311a6ccd1f00e9f7
fpb:3123b96d9c09c288,train,75,fpb:3123b96d9c09c288
fpb:312b31b4743df0be,train,all,fpb:312b31b4743df0be
fpb:31411842beb0d1cb,train,75,fpb:31411842beb0d1cb
fpb:3149165563a06656,test,75,fpb:3149165563a06656
fpb:314bcc10ebf6514b,train,50,fpb:314bcc10ebf6514b
fpb:315dee1897120861,test,66,fpb:315dee1897120861
fpb:31607b6b5b28805a,train,75,fpb:31607b6b5b28805a
fpb:316c1f1c6d346990,train,all,fpb:316c1f1c6d346990
fpb:317541f5c39660be,dev,50,fpb:317541f5c39660be
fpb:317ac8a5bf05158c,train,all,fpb:317ac8a5bf05158c
fpb:318668ef20b17ed8,train,50,fpb:318668ef20b17ed8
fpb:31b4b0723edd0c2c,train,all,fpb:31b4b0723edd0c2c
fpb:31e3f7fc2fc59eb3,test,66,fpb:31e3f7fc2fc59eb3
fpb:31e9a398e74ef9b2,test,75,fpb:31e9a398e74ef9b2
fpb:31eb287cb41946c5,test,75,fpb:31eb287cb41946c5
fpb:3203e8689d714fd3,train,66,fpb:3203e8689d714fd3
fpb:320dff2d44c0ea46,train,all,fpb:320dff2d44c0ea46
fpb:32113a63f0e0ca21,test,all,fpb:32113a63f0e0ca21
fpb:32146b76d3bc4383,test,66,fpb:32146b76d3bc4383
fpb:322a4ddd2075c8f8,train,66,fpb:322a4ddd2075c8f8
fpb:323a68642504ec10,train,all,fpb:323a68642504ec10
fpb:323eea9cf9c19911,test,75,fpb:323eea9cf9c19911
fpb:3260d504d18cc71e,train,75,fpb:3260d504d18cc71e
fpb:32665a501945d3cc,train,all,fpb:32665a501945d3cc
fpb:326daecd3dd77abe,train,all,fpb:326daecd3dd77abe
fpb:327555a2e8932cda,train,all,fpb:327555a2e8932cda
fpb:32807abd780e0f4d,train,50,fpb:32807abd780e0f4d
fpb:32d9aaad3252e7a1,dev,50,fpb:32d9aaad3252e7a1
fpb:32ee8402a1b68a0c,train,all,fpb:32ee8402a1b68a0c
fpb:32eec32f9c32f8f3,train,66,fpb:32eec32f9c32f8f3
fpb:32f77ce4e8f818d7,train,all,fpb:32f77ce4e8f818d7
fpb:335e4ae908ebb1d9,train,all,fpb:335e4ae908ebb1d9
fpb:3393c50b5157e354,train,50,fpb:3393c50b5157e354
fpb:33d940a7bdc7bc00,train,66,fpb:33d940a7bdc7bc00
fpb:33dfe913f5f73e2d,train,all,fpb:33dfe913f5f73e2d
fpb:33f24eae6ff6eb9d,test,66,fpb:33f24eae6ff6eb9d
fpb:33fc4831cd401291,test,all,fpb:33fc4831cd401291
fpb:340cb7ee707c490f,train,66,fpb:340cb7ee707c490f
fpb:340e2ebcc2113911,train,all,fpb:340e2ebcc2113911
fpb:34590020c96657f7,train,all,fpb:34590020c96657f7
fpb:345ae456770ec622,train,all,fpb:345ae456770ec622
fpb:3467dafb76a1864b,train,all,fpb:3467dafb76a1864b
fpb:346f4fe74b22e118,train,75,fpb:346f4fe74b22e118
fpb:347334960b85675a,train,75,fpb:347334960b85675a
fpb:347e11d1a228c08b,train,all,fpb:347e11d1a228c08b
fpb:3498f3db9e31318d,train,50,fpb:3498f3db9e31318d
fpb:349c404c8cebaabf,train,66,fpb:349c404c8cebaabf
fpb:34a8b98241681d88,train,all,fpb:34a8b98241681d88
fpb:34b2e9f8637c4102,dev,all,fpb:34b2e9f8637c4102
fpb:34b420d33a57f78c,train,66,fpb:34b420d33a57f78c
fpb:34c157e20d4461dd,test,75,fpb:34c157e20d4461dd
fpb:34cd29ebfe9bc028,train,75,fpb:34cd29ebfe9bc028
fpb:34d97e1a55fd8e02,train,all,fpb:34d97e1a55fd8e02
fpb:34dba48a38c8d70f,dev,66,fpb:34dba48a38c8d70f
fpb:34eb0d19e005b82a,test,all,fpb:34eb0d19e005b82a
fpb:350266a49eea060a,test,50,fpb:350266a49eea060a
fpb:350fac19db0d22dc,train,66,fpb:350fac19db0d22dc
fpb:3511668d0924bb27,train,all,fpb:3511668d0924bb27
fpb:351cbd82855c8e48,train,75,fpb:351cbd82855c8e48
fpb:352c14e11400900e,train,all,fpb:352c14e11400900e
fpb:3540f4fdef5548db,test,75,fpb:3540f4fdef5548db
fpb:35471dde714beddd,dev,all,fpb:35471dde714beddd
fpb:3550ffab283822be,train,all,fpb:3550ffab283822be
fpb:355673cdc7a928bb,train,75,fpb:355673cdc7a928bb
fpb:355f852b7339fccb,dev,all,fpb:355f852b7339fccb
fpb:3561d255391302da,train,50,fpb:3561d255391302da
fpb:3569edb45422208e,train,all,fpb:3569edb45422208e
fpb:356d316e238e6ec2,train,all,fpb:356d316e238e6ec2
fpb:35727cb695de2277,test,75,fpb:35727cb695de2277
fpb:357fadf696f5c923,train,75,fpb:357fadf696f5c923
fpb:358998778a907311,train,75,fpb:358998778a907311
fpb:358a2c92c04af3a5,train,66,fpb:358a2c92c04af3a5
fpb:35ca593f3d4f752c,train,75,fpb:35ca593f3d4f752c
fpb:35cd71d7123d6d0c,train,66,fpb:35cd71d7123d6d0c
fpb:35d2607bafaf6a96,test,all,fpb:35d2607bafaf6a96
fpb:35d8e8b8a5b1946e,test,75,fpb:35d8e8b8a5b1946e
fpb:35e308a9b2380bfb,train,all,fpb:35e308a9b2380bfb
fpb:3602e66662bae391,test,66,fpb:3602e66662bae391
fpb:36268ce2d838b2b4,train,all,fpb:36268ce2d838b2b4
fpb:36354c3a9f7fbf2a,train,75,fpb:36354c3a9f7fbf2a
fpb:363dd22a1fb5375c,train,all,fpb:363dd22a1fb5375c
fpb:366139f5d27f767a,train,50,fpb:366139f5d27f767a
fpb:36644efa455af773,train,all,fpb:36644efa455af773
fpb:367489e573253595,train,all,fpb:367489e573253595
fpb:3674944b946272b8,test,75,fpb:3674944b946272b8
fpb:367c9cd92d923653,train,50,fpb:367c9cd92d923653
fpb:367fd886608b5b13,test,all,fpb:367fd886608b5b13
fpb:3684168e3e4fde0c,train,75,fpb:3684168e3e4fde0c
fpb:36855127b2b785a9,train,all,fpb:36855127b2b785a9
fpb:36afb8ecb0e3a0a8,test,all,fpb:36afb8ecb0e3a0a8
fpb:36b7b55f16bbe0b4,train,75,fpb:36b7b55f16bbe0b4
fpb:36d4f61f301b6870,train,all,fpb:36d4f61f301b6870
fpb:36d592939d7b2973,train,all,fpb:36d592939d7b2973
fpb:36dbf0a48ac817b3,train,66,fpb:36dbf0a48ac817b3
fpb:36e8b0c399ec20e1,train,all,fpb:36e8b0c399ec20e1
fpb:36f0b0fbb339461c,train,66,fpb:36f0b0fbb339461c
fpb:36feb3e410520c96,train,all,fpb:36feb3e410520c96
fpb:36fed23b032e8807,dev,all,fpb:36fed23b032e8807
fpb:372bb33c0d2f35f9,test,50,fpb:372bb33c0d2f35f9
fpb:3730c5b7679b79c5,dev,75,fpb:3730c5b7679b79c5
fpb:3734a46b86ec618e,train,75,fpb:3734a46b86ec618e
fpb:3741fe63a76b6592,train,all,fpb:3741fe63a76b6592
fpb:374a6f776da952f7,train,all,fpb:374a6f776da952f7
fpb:376987448d23ec12,train,all,fpb:376987448d23ec12
fpb:376cd24344ca3e5e,train,all,fpb:376cd24344ca3e5e
fpb:378e562f8e1fed26,train,all,fpb:378e562f8e1fed26
fpb:379e48a8fc7abc8d,train,all,fpb:379e48a8fc7abc8d
fpb:37e338dde0d0384f,test,66,fpb:37e338dde0d0384f
fpb:37f328282157b3bf,train,75,fpb:37f328282157b3bf
fpb:37f7f1d712926f58,dev,50,fpb:37f7f1d712926f58
fpb:380bf2a1b604afa2,test,all,fpb:380bf2a1b604afa2
fpb:38156be3c8900380,train,all,fpb:38156be3c8900380
fpb:3815f24acefd49a1,train,75,fpb:3815f24acefd49a1
fpb:38285cb31189c4eb,train,all,fpb:38285cb31189c4eb
fpb:383726dcb4c19661,test,50,fpb:383726dcb4c19661
fpb:3860bf8b49ce4cd6,train,50,fpb:3860bf8b49ce4cd6
fpb:386f510cab81a099,train,75,fpb:386f510cab81a099
fpb:387e6723eb0ef926,train,all,fpb:387e6723eb0ef926
fpb:38b7ea9b77dd15ce,test,66,fpb:38b7ea9b77dd15ce
fpb:38b96d3c9ece0cd3,train,66,fpb:38b96d3c9ece0cd3
fpb:38bfa7bee766adcc,train,all,fpb:38bfa7bee766adcc
fpb:38c4c5a4f3cb0f8d,train,66,fpb:38c4c5a4f3cb0f8d
fpb:38c93326495ef9aa,test,75,fpb:38c93326495ef9aa
fpb:38ecfd0b555072b5,test,66,fpb:38ecfd0b555072b5
fpb:3927cff866638277,train,50,fpb:3927cff866638277
fpb:392b6f756fad2da6,test,all,fpb:392b6f756fad2da6
fpb:392f8c3b96297544,train,all,fpb:392f8c3b96297544
fpb:393493c20895857b,dev,75,fpb:393493c20895857b
fpb:393bebee0eb35e13,train,75,fpb:393bebee0eb35e13
fpb:393d0feb563e06c5,train,all,fpb:393d0feb563e06c5
fpb:393fe73d191f3ed2,test,50,fpb:393fe73d191f3ed2
fpb:395643ae97a787d5,train,50,fpb:395643ae97a787d5
fpb:3966da36e29051dd,test,75,fpb:3966da36e29051dd
fpb:3973b7c6994941ec,train,75,fpb:3973b7c6994941ec
fpb:3982f4b3afbb75ad,train,66,fpb:3982f4b3afbb75ad
fpb:39a0f1b21dedcf3b,train,all,fpb:39a0f1b21dedcf3b
fpb:39b96bf711b041e1,train,all,fpb:39b96bf711b041e1
fpb:39bb83bfd8c4c6bf,test,50,fpb:39bb83bfd8c4c6bf
fpb:39bcebe16a3ce43e,train,75,fpb:39bcebe16a3ce43e
fpb:39c99ea190e7c4ea,train,75,fpb:39c99ea190e7c4ea
fpb:39ceeb9ad4d02431,train,all,fpb:39ceeb9ad4d02431
fpb:39f6dfd32e843761,train,75,fpb:39f6dfd32e843761
fpb:3a24ccc8be634b84,test,all,fpb:3a24ccc8be634b84
fpb:3a2511041370bc37,train,66,fpb:3a2511041370bc37
fpb:3a34dc6830f48acc,train,all,fpb:3a34dc6830f48acc
fpb:3a3f6424d81558f2,test,75,fpb:3a3f6424d81558f2
fpb:3a4c52a399e2d7c2,dev,all,fpb:3a4c52a399e2d7c2
fpb:3a57f4159c9bdd32,train,75,fpb:3a57f4159c9bdd32
fpb:3a6f1c69d113fa46,train,75,fpb:3a6f1c69d113fa46
fpb:3a85cae26fe2d97f,train,66,fpb:3a85cae26fe2d97f
fpb:3a8bab5352953115,train,all,fpb:3a8bab5352953115
fpb:3a978ba93ecd09ea,train,75,fpb:3a978ba93ecd09ea
fpb:3aa312d41884c695,dev,all,fpb:3aa312d41884c695
fpb:3aa3b8c3c9e89159,test,all,fpb:3aa3b8c3c9e89159
fpb:3aa44285f263e069,train,all,fpb:3aa44285f263e069
fpb:3aa4ed301cc618a0,train,all,fpb:3aa4ed301cc618a0
fpb:3ab1e686d4400086,train,all,fpb:3ab1e686d4400086
fpb:3abaad238ed2d26a,dev,75,fpb:3abaad238ed2d26a
fpb:3ac686c0805da33a,train,75,fpb:3ac686c0805da33a
fpb:3ad8b573900b8b1a,train,all,fpb:3ad8b573900b8b1a
fpb:3b10284158620c36,test,75,fpb:3b10284158620c36
fpb:3b16ed83216ba8e8,train,all,fpb:3b16ed83216ba8e8
fpb:3b22a92f77f70a04,train,all,fpb:3b22a92f77f70a04
fpb:3b2405aa03fe4edd,dev,66,fpb:3b2405aa03fe4edd
fpb:3b3c59a93e585bfc,train,75,fpb:3b3c59a93e585bfc
fpb:3b4b94d47ee36eb2,test,75,fpb:3b4b94d47ee36eb2
fpb:3b51e445742b801e,train,all,fpb:3b51e445742b801e
fpb:3b71a914fdd5b03f,train,50,fpb:3b71a914fdd5b03f
fpb:3b995dd09568aa9c,train,all,fpb:3b995dd09568aa9c
fpb:3ba0b4c90da477d2,train,all,fpb:3ba0b4c90da477d2
fpb:3ba4ff51feb690b4,test,66,fpb:3ba4ff51feb690b4
fpb:3bb5128876f2c2fd,dev,75,fpb:3bb5128876f2c2fd
fpb:3bbd6d44566a84ef,dev,75,fpb:3bbd6d44566a84ef
fpb:3bc4e64e70c5358c,train,50,fpb:3bc4e64e70c5358c
fpb:3bc8b792d6a726aa,train,66,fpb:3bc8b792d6a726aa
fpb:3bd630dae09eaaa8,train,all,fpb:3bd630dae09eaaa8
fpb:3bd7d2c0d8d5c108,dev,50,fpb:3bd7d2c0d8d5c108
fpb:3bef321909a05190,test,all,fpb:3bef321909a05190
fpb:3bfe35ffd3909d5b,test,75,fpb:3bfe35ffd3909d5b
fpb:3c06fb9a95879377,train,all,fpb:3c06fb9a95879377
fpb:3c0e0d1105c42e2b,train,all,fpb:3c0e0d1105c42e2b
fpb:3c0f14ffa7f422c3,train,all,fpb:3c0f14ffa7f422c3
fpb:3c11d16ccfaf6b3d,test,66,fpb:3c11d16ccfaf6b3d
fpb:3c18d06806a8493c,train,75,fpb:3c18d06806a8493c
fpb:3c1b6024199bbc87,test,all,fpb:3c1b6024199bbc87
fpb:3c1b7ba67d7d84a3,train,all,fpb:3c1b7ba67d7d84a3
fpb:3c3ce503f12f8d03,test,all,fpb:3c3ce503f12f8d03
fpb:3c4058d62174a41e,train,50,fpb:3c4058d62174a41e
fpb:3c41758fd1cfd0ec,train,75,fpb:3c41758fd1cfd0ec
fpb:3c4468a1b040b56a,test,all,fpb:3c4468a1b040b56a
fpb:3c4789b41c9208c6,train,66,fpb:3c4789b41c9208c6
fpb:3c607ee5b9e97c54,dev,66,fpb:3c607ee5b9e97c54
fpb:3c685835a9c2dd6b,train,75,fpb:3c685835a9c2dd6b
fpb:3c7c16ec4fbd8c66,train,all,fpb:3c7c16ec4fbd8c66
fpb:3c7c6399d6aef8f8,train,all,fpb:3c7c6399d6aef8f8
fpb:3c8768b0a482dcf4,train,75,fpb:3c8768b0a482dcf4
fpb:3c89a5a664c1dfa5,train,all,fpb:3c89a5a664c1dfa5
fpb:3cab6f0b2e8aa95e,train,all,fpb:3cab6f0b2e8aa95e
fpb:3cd3bcce107f342e,train,all,fpb:3cd3bcce107f342e
fpb:3cfa64898ec64f75,dev,66,fpb:3cfa64898ec64f75
fpb:3cfd69e8393fc02f,train,all,fpb:3cfd69e8393fc02f
fpb:3d1d29e4158147e0,train,all,fpb:3d1d29e4158147e0
fpb:3d2f4d0e15af7f95,train,66,fpb:3d2f4d0e15af7f95
fpb:3d3aae0dcbacc07b,train,66,fpb:3d3aae0dcbacc07b
fpb:3d456da3c355141f,test,75,fpb:3d456da3c355141f
fpb:3d65edb75c2fc29a,train,all,fpb:3d65edb75c2fc29a
fpb:3d7b6b7a11e83218,train,66,fpb:3d7b6b7a11e83218
fpb:3d842982cd89bb54,test,all,fpb:3d842982cd89bb54
fpb:3d85b6c247b96cf8,train,50,fpb:3d85b6c247b96cf8
fpb:3d96150764807765,train,75,fpb:3d96150764807765
fpb:3d9d0ce33ebb464d,train,75,fpb:3d9d0ce33ebb464d
fpb:3d9d3d2b033156be,train,50,fpb:3d9d3d2b033156be
fpb:3dac9100f0bd931c,train,all,fpb:3dac9100f0bd931c
fpb:3dbb798c849dbd03,train,50,fpb:3dbb798c849dbd03
fpb:3dcf1ecd7a34153e,train,all,fpb:3dcf1ecd7a34153e
fpb:3de15930d0112b83,train,75,fpb:3de15930d0112b83
fpb:3df574d359b9c58d,train,all,fpb:3df574d359b9c58d
fpb:3dff943ce4996675,train,50,fpb:3dff943ce4996675
fpb:3e018f1dc38366f6,train,all,fpb:3e018f1dc38366f6
fpb:3e01fd969403a64e,train,50,fpb:3e01fd969403a64e
fpb:3e051881e5756009,train,50,fpb:3e051881e5756009
fpb:3e335e221c50f21b,train,75,fpb:3e335e221c50f21b
fpb:3e352225577bf631,train,all,fpb:3e352225577bf631
fpb:3e5d174fc36516c5,train,50,fpb:3e5d174fc36516c5
fpb:3e64041cd53edafb,test,all,fpb:3e64041cd53edafb
fpb:3e77dadf48512b3e,train,75,fpb:3e77dadf48512b3e
fpb:3e7ec33fabd716a5,train,75,fpb:3e7ec33fabd716a5
fpb:3e80dd7bb069329a,train,75,fpb:3e80dd7bb069329a
fpb:3e8abbec4a0c7f2f,train,75,fpb:3e8abbec4a0c7f2f
fpb:3e8ba87efa459f72,train,75,fpb:3e8ba87efa459f72
fpb:3e8c1f101f5d9262,train,75,fpb:3e8c1f101f5d9262
fpb:3ea191569ef82236,train,66,fpb:3ea191569ef82236
fpb:3ea323feb2bed5a9,dev,all,fpb:3ea323feb2bed5a9
fpb:3ea840db36b8c758,train,all,fpb:3ea840db36b8c758
fpb:3ec62e09e9be49ba,train,all,fpb:3ec62e09e9be49ba
fpb:3ed01fbcaeef0588,train,66,fpb:3ed01fbcaeef0588
fpb:3eda545b746f760c,train,all,fpb:3eda545b746f760c
fpb:3ee8d7108fe23869,train,75,fpb:3ee8d7108fe23869
fpb:3f0a6373bc3d6ccc,train,50,fpb:3f0a6373bc3d6ccc
fpb:3f0b1b6c0b3951d2,dev,75,fpb:3f0b1b6c0b3951d2
fpb:3f1afbde236ed5a6,train,75,fpb:3f1afbde236ed5a6
fpb:3f24cda1efb31e26,train,75,fpb:3f24cda1efb31e26
fpb:3f2b315c76a1d678,train,75,fpb:3f2b315c76a1d678
fpb:3f3525985ede20ff,train,66,fpb:3f3525985ede20ff
fpb:3f528f5e55898111,train,66,fpb:3f528f5e55898111
fpb:3f837fa963c5f215,train,all,fpb:3f837fa963c5f215
fpb:3f9b457e5b9d9c02,train,50,fpb:3f9b457e5b9d9c02
fpb:3fa1cbe5dfbfb6f8,train,50,fpb:3fa1cbe5dfbfb6f8
fpb:3fa22880263d48dc,train,66,fpb:3fa22880263d48dc
fpb:3fb28580676a58ab,test,75,fpb:3fb28580676a58ab
fpb:3fb7dcb6afa3b490,test,66,fpb:3fb7dcb6afa3b490
fpb:3fbe7548ef3a68f6,train,50,fpb:3fbe7548ef3a68f6
fpb:3fc30d00fa3ac2fc,train,75,fpb:3fc30d00fa3ac2fc
fpb:3fcbbaa1ec72e49c,train,all,fpb:3fcbbaa1ec72e49c
fpb:3fdaff5a73eb8592,test,all,fpb:3fdaff5a73eb8592
fpb:3fea4be19e3cb301,train,50,fpb:3fea4be19e3cb301
fpb:3ff3315102c950b6,train,all,fpb:3ff3315102c950b6
fpb:40038e58cd88a404,train,all,fpb:40038e58cd88a404
fpb:401347d5f4de5b38,train,all,fpb:401347d5f4de5b38
fpb:4014ca4db391ffc3,train,all,fpb:4014ca4db391ffc3
fpb:401a9b009e96b27c,train,75,fpb:401a9b009e96b27c
fpb:404982629a31d548,train,66,fpb:404982629a31d548
fpb:404ef083320efe2b,train,66,fpb:404ef083320efe2b
fpb:4065fb402015a319,test,all,fpb:4065fb402015a319
fpb:406db019c9d10208,dev,all,fpb:406db019c9d10208
fpb:406eaab98b82d141,train,50,fpb:406eaab98b82d141
fpb:4081f9cc049b06a2,test,all,fpb:4081f9cc049b06a2
fpb:408475fb3b33848c,test,66,fpb:408475fb3b33848c
fpb:40898bf5eecfcd66,train,all,fpb:40898bf5eecfcd66
fpb:4092c993d0cbf1c8,train,50,fpb:4092c993d0cbf1c8
fpb:409cb3df8c4266c0,test,all,fpb:409cb3df8c4266c0
fpb:40ad0301487538ff,train,all,fpb:40ad0301487538ff
fpb:40ba03b00da101c7,test,all,fpb:40ba03b00da101c7
fpb:40c3415f79b4fcf5,train,75,fpb:40c3415f79b4fcf5
fpb:40c7457b8d23e2e8,train,75,fpb:40c7457b8d23e2e8
fpb:40de6b2fe2c97682,dev,66,fpb:40de6b2fe2c97682
fpb:40e081889bbf9653,test,all,fpb:40e081889bbf9653
fpb:40ed793047f262f6,test,50,fpb:40ed793047f262f6
fpb:40f6480be22e2625,train,all,fpb:40f6480be22e2625
fpb:410acf6ea3ca26a3,train,50,fpb:410acf6ea3ca26a3
fpb:41119c2c1aa16f13,test,50,fpb:41119c2c1aa16f13
fpb:41225304f9ece4b9,train,all,fpb:41225304f9ece4b9
fpb:412a115e73981c01,train,66,fpb:412a115e73981c01
fpb:413186cd9e07a2fb,test,66,fpb:413186cd9e07a2fb
fpb:4132c667c89ec181,test,all,fpb:4132c667c89ec181
fpb:4135750ca0d7c53e,test,all,fpb:4135750ca0d7c53e
fpb:41366f653cd4e535,train,75,fpb:41366f653cd4e535
fpb:4143815276261f80,train,50,fpb:4143815276261f80
fpb:4158454e6671a8ff,train,50,fpb:4158454e6671a8ff
fpb:415bc85d813c10b4,train,75,fpb:415bc85d813c10b4
fpb:4194928543cfcf0c,train,75,fpb:4194928543cfcf0c
fpb:41974a1fcab11751,train,75,fpb:41974a1fcab11751
fpb:41a15ac51bd11b77,train,all,fpb:41a15ac51bd11b77
fpb:41bcf9030c011299,test,all,fpb:41bcf9030c011299
fpb:41e2d05b70246267,train,50,fpb:41e2d05b70246267
fpb:41fa5cd9cfd9f356,train,all,fpb:41fa5cd9cfd9f356
fpb:42087582bd050e1d,test,50,fpb:42087582bd050e1d
fpb:421a2b9b719d26c4,dev,all,fpb:421a2b9b719d26c4
fpb:422783b99618eea4,train,all,fpb:422783b99618eea4
fpb:4240337236dba64d,train,all,fpb:4240337236dba64d
fpb:4247bb907cfdd65f,train,50,fpb:4247bb907cfdd65f
fpb:424fb36bf00ba670,dev,66,fpb:424fb36bf00ba670
fpb:425d8c6125fa469e,train,75,fpb:425d8c6125fa469e
fpb:4260eaed92e5c42a,dev,75,fpb:4260eaed92e5c42a
fpb:4265c2d4263fbdb9,train,all,fpb:4265c2d4263fbdb9
fpb:427e9350c9c43bb3,test,75,fpb:427e9350c9c43bb3
fpb:427ea7b512a0898d,train,66,fpb:427ea7b512a0898d
fpb:4281be4732d5760d,train,all,fpb:4281be4732d5760d
fpb:4288eace44b859f5,train,66,fpb:4288eace44b859f5
fpb:429a20b7d593d41d,train,66,fpb:429a20b7d593d41d
fpb:429b665976d21ed5,train,all,fpb:429b665976d21ed5
fpb:42a1381971da9e59,test,75,fpb:42a1381971da9e59
fpb:42aeaffd59ce8b23,test,all,fpb:42aeaffd59ce8b23
fpb:42c1f62cb90650ca,train,all,fpb:42c1f62cb90650ca
fpb:42c2494138b3a841,train,all,fpb:42c2494138b3a841
fpb:42f6fc7e24189dbb,train,75,fpb:42f6fc7e24189dbb
fpb:42fefe99be792738,dev,66,fpb:42fefe99be792738
fpb:4302a6864aff443e,train,66,fpb:4302a6864aff443e
fpb:430f30cf54dba810,train,all,fpb:430f30cf54dba810
fpb:430f8681476c252e,train,all,fpb:430f8681476c252e
fpb:431735413574161e,train,75,fpb:431735413574161e
fpb:432e8d915ffbf447,train,66,fpb:432e8d915ffbf447
fpb:4339b13c90318bde,dev,all,fpb:4339b13c90318bde
fpb:43488ff7b9ad51b4,train,66,fpb:43488ff7b9ad51b4
fpb:4349e39740afa46d,train,all,fpb:4349e39740afa46d
fpb:4356ebff6356a7fa,train,all,fpb:4356ebff6356a7fa
fpb:43582045bead1f7f,dev,66,fpb:43582045bead1f7f
fpb:435845aeb231ee30,train,75,fpb:435845aeb231ee30
fpb:436497bb3744353a,dev,all,fpb:436497bb3744353a
fpb:43659aed472706cd,test,all,fpb:43659aed472706cd
fpb:43668cd0581ac6e9,train,66,fpb:43668cd0581ac6e9
fpb:43730e4e46d05993,train,75,fpb:43730e4e46d05993
fpb:4373ad20c96aa5d5,test,all,fpb:4373ad20c96aa5d5
fpb:4382e025bbed2ce4,train,all,fpb:4382e025bbed2ce4
fpb:4399df3842b85351,test,66,fpb:4399df3842b85351
fpb:439a2cd98f1c9101,test,all,fpb:439a2cd98f1c9101
fpb:439cfd1c74ca7d98,test,all,fpb:439cfd1c74ca7d98
fpb:439f093d9b00e2c0,train,all,fpb:439f093d9b00e2c0
fpb:43a8ed54e1dd3159,train,all,fpb:43a8ed54e1dd3159
fpb:43a9cdb23835d661,train,all,fpb:43a9cdb23835d661
fpb:43ac080b90da05e7,train,all,fpb:43ac080b90da05e7
fpb:43bb05da18f800c3,test,all,fpb:43bb05da18f800c3
fpb:43db47c80518ebce,dev,75,fpb:43db47c80518ebce
fpb:43eb3618c92f6d57,train,75,fpb:43eb3618c92f6d57
fpb:43f9620d56dd1859,train,all,fpb:43f9620d56dd1859
fpb:43fb17d925e2e274,test,all,fpb:43fb17d925e2e274
fpb:440c8b106220b91e,test,all,fpb:440c8b106220b91e
fpb:440fde25ec33b5c3,train,all,fpb:440fde25ec33b5c3
fpb:4410eeaeb572ff2f,train,66,fpb:4410eeaeb572ff2f
fpb:4417c64d14b3c406,train,all,fpb:4417c64d14b3c406
fpb:441c3c98acd782ca,train,all,fpb:441c3c98acd782ca
fpb:445a7da1a088fa0a,test,all,fpb:445a7da1a088fa0a
fpb:445dec018db4983c,train,75,fpb:445dec018db4983c
fpb:447eabf2369ab70d,train,66,fpb:447eabf2369ab70d
fpb:4483bb3beda207cb,test,75,fpb:4483bb3beda207cb
fpb:448754ea18111401,train,all,fpb:448754ea18111401
fpb:4491a30eb5650d65,test,all,fpb:4491a30eb5650d65
fpb:44a29a0905ec42a1,train,all,fpb:44a29a0905ec42a1
fpb:44adbeafc1617d0a,test,50,fpb:44adbeafc1617d0a
fpb:44e19f1f127e6e31,train,75,fpb:44e19f1f127e6e31
fpb:44f919f4c4794db6,train,66,fpb:44f919f4c4794db6
fpb:44fda6f6404bb8b6,train,all,fpb:44fda6f6404bb8b6
fpb:45089c07f4ed9c81,dev,all,fpb:45089c07f4ed9c81
fpb:451580779f42238c,train,all,fpb:451580779f42238c
fpb:4517edb1860be951,train,66,fpb:4517edb1860be951
fpb:451dd42d37f132f0,test,all,fpb:451dd42d37f132f0
fpb:4542a1e5bdc4d038,dev,all,fpb:4542a1e5bdc4d038
fpb:4545a17ce0b59485,train,75,fpb:4545a17ce0b59485
fpb:454689d93de8f1c1,test,all,fpb:454689d93de8f1c1
fpb:454f0cc4525ac3e9,train,all,fpb:454f0cc4525ac3e9
fpb:4551ac0553ed2d1a,dev,all,fpb:4551ac0553ed2d1a
fpb:455335aa1adca567,test,66,fpb:455335aa1adca567
fpb:4555059072838315,train,75,fpb:4555059072838315
fpb:4556669b346f6ab1,train,all,fpb:4556669b346f6ab1
fpb:455a4718f41e45e0,test,66,fpb:455a4718f41e45e0
fpb:455e02a5990364f0,test,75,fpb:455e02a5990364f0
fpb:458a8b714230efd6,train,66,fpb:458a8b714230efd6
fpb:45a5f8c4d331cde1,train,all,fpb:45a5f8c4d331cde1
fpb:45a846ddf06d985e,dev,66,fpb:45a846ddf06d985e
fpb:45aba0f423441063,train,all,fpb:45aba0f423441063
fpb:45b1aba6a86cebe8,train,75,fpb:45b1aba6a86cebe8
fpb:45b4d7d005c3205e,train,75,fpb:45b4d7d005c3205e
fpb:45c03ee28c4cfd40,train,50,fpb:45c03ee28c4cfd40
fpb:45db67d01c8c7d81,train,75,fpb:45db67d01c8c7d81
fpb:45e5009883903261,test,all,fpb:45e5009883903261
fpb:45ef35c1ebc8fdd0,train,75,fpb:45ef35c1ebc8fdd0
fpb:45f798c90bf4df5b,test,75,fpb:45f798c90bf4df5b
fpb:46010a95bcdf7248,test,75,fpb:46010a95bcdf7248
fpb:460e2ecf5be2b88a,train,75,fpb:460e2ecf5be2b88a
fpb:4613bdd31fefb8e0,train,all,fpb:4613bdd31fefb8e0
fpb:461b2f1a67410618,train,all,fpb:461b2f1a67410618
fpb:461e230d27a50e7e,test,all,fpb:461e230d27a50e7e
fpb:462138a787acdf8a,train,75,fpb:462138a787acdf8a
fpb:46229bd42f381bc6,train,75,fpb:46229bd42f381bc6
fpb:464553eccac95238,train,all,fpb:464553eccac95238
fpb:4665f969bb7795c2,train,all,fpb:4665f969bb7795c2
fpb:466838c530ae782a,test,all,fpb:466838c530ae782a
fpb:466f9f34eb866045,train,all,fpb:466f9f34eb866045
fpb:4674519e0b1c381b,train,75,fpb:4674519e0b1c381b
fpb:469999a709b0bb8a,train,all,fpb:469999a709b0bb8a
fpb:46a3ec658db6b9fb,train,75,fpb:46a3ec658db6b9fb
fpb:46abea18b532332e,test,all,fpb:46abea18b532332e
fpb:46ad5030cdb10c10,test,66,fpb:46ad5030cdb10c10
fpb:46b15602a3832d3a,test,75,fpb:46b15602a3832d3a
fpb:46b523d96ec61cc5,train,all,fpb:46b523d96ec61cc5
fpb:46da801115b4e3e1,train,all,fpb:46da801115b4e3e1
fpb:46ef03aa6a7507cb,train,all,fpb:46ef03aa6a7507cb
fpb:470017de72d843d3,dev,all,fpb:470017de72d843d3
fpb:470a41ee48bbe77a,test,all,fpb:470a41ee48bbe77a
fpb:470eb764d7fbb758,train,all,fpb:470eb764d7fbb758
fpb:471e28f94e7380af,test,50,fpb:471e28f94e7380af
fpb:473cf0d571bd53c3,train,50,fpb:473cf0d571bd53c3
fpb:474cdc1e229437bc,train,75,fpb:474cdc1e229437bc
fpb:474db688ae3bf6de,test,all,fpb:474db688ae3bf6de
fpb:474f77d1725656d5,train,75,fpb:474f77d1725656d5
fpb:4759b2ff3e5c35bc,train,all,fpb:4759b2ff3e5c35bc
fpb:475de7a957653b9c,train,75,fpb:475de7a957653b9c
fpb:4784fd5eda4fdac9,test,all,fpb:4784fd5eda4fdac9
fpb:4786b43579e635bb,train,75,fpb:4786b43579e635bb
fpb:4787ec5ba9454c99,train,all,fpb:4787ec5ba9454c99
fpb:478e1974dc8c8fd1,train,all,fpb:478e1974dc8c8fd1
fpb:47a85e8e1bebf969,dev,all,fpb:47a85e8e1bebf969
fpb:47ab67ed0aa7efdd,train,66,fpb:47ab67ed0aa7efdd
fpb:47b414d5ba59a52b,train,all,fpb:47b414d5ba59a52b
fpb:47b93c8376c8ed75,test,50,fpb:47b93c8376c8ed75
fpb:47c4f6a831d23316,train,all,fpb:47c4f6a831d23316
fpb:47c939ccb78f39fa,train,66,fpb:47c939ccb78f39fa
fpb:47cb5b015c9b6ffe,dev,75,fpb:47cb5b015c9b6ffe
fpb:47e588c1ad5c9668,train,50,fpb:47e588c1ad5c9668
fpb:47ecdb47758a13ae,train,75,fpb:47ecdb47758a13ae
fpb:47f4e0f4d0a7aecb,test,66,fpb:47f4e0f4d0a7aecb
fpb:47f77b8c2c34ad44,dev,all,fpb:47f77b8c2c34ad44
fpb:48037a7b41f83324,train,all,fpb:48037a7b41f83324
fpb:48056133d917981b,dev,all,fpb:48056133d917981b
fpb:4807feee6b5036ed,train,all,fpb:4807feee6b5036ed
fpb:4810c1951303a367,test,all,fpb:4810c1951303a367
fpb:48142029f90576d9,train,75,fpb:48142029f90576d9
fpb:481d79e21756a966,test,all,fpb:481d79e21756a966
fpb:481f9b72399c774f,train,all,fpb:481f9b72399c774f
fpb:482b6bf5de145ce7,train,75,fpb:482b6bf5de145ce7
fpb:4847d9a483b6a935,test,all,fpb:4847d9a483b6a935
fpb:484be689a26ef7a4,test,50,fpb:484be689a26ef7a4
fpb:487aa22fa45f01b5,dev,66,fpb:487aa22fa45f01b5
fpb:4896ccfcc2f98395,train,75,fpb:4896ccfcc2f98395
fpb:48b38a8a7d8b5ff1,dev,75,fpb:48b38a8a7d8b5ff1
fpb:48b40203a7ca9029,train,all,fpb:48b40203a7ca9029
fpb:48b8b5f86b60e515,train,all,fpb:48b8b5f86b60e515
fpb:48b95e49ce77773e,train,all,fpb:48b95e49ce77773e
fpb:48c7dc9530a51b07,test,75,fpb:48c7dc9530a51b07
fpb:48d05d7d7a478a5a,train,66,fpb:48d05d7d7a478a5a
fpb:48d11f130ae4d071,train,all,fpb:48d11f130ae4d071
fpb:48d50a82632cbc0f,train,75,fpb:48d50a82632cbc0f
fpb:48d6b25f98bf1a6f,train,50,fpb:48d6b25f98bf1a6f
fpb:48eac707791e2a0d,train,all,fpb:48eac707791e2a0d
fpb:48fc779143c3f5b2,train,50,fpb:48fc779143c3f5b2
fpb:48fd7341e284ae3f,test,50,fpb:48fd7341e284ae3f
fpb:49007380cc27ac9f,dev,50,fpb:49007380cc27ac9f
fpb:4905103cb5132e52,test,75,fpb:4905103cb5132e52
fpb:490c1f8154372eca,dev,75,fpb:490c1f8154372eca
fpb:490f013a0a13cf08,train,75,fpb:0c7b8177d0bf92c8
fpb:49255429f61dfd54,train,all,fpb:49255429f61dfd54
fpb:4927bd4f0c86316c,train,66,fpb:4927bd4f0c86316c
fpb:492a40d8d518dbff,dev,50,fpb:492a40d8d518dbff
fpb:4939e530440850b7,train,all,fpb:4939e530440850b7
fpb:4951855075746f1c,train,all,fpb:4951855075746f1c
fpb:495c0690a0ca54df,train,75,fpb:495c0690a0ca54df
fpb:49689040d7d8c4d0,train,66,fpb:49689040d7d8c4d0
fpb:496b28c5cb96e703,test,all,fpb:496b28c5cb96e703
fpb:496df4c0ad717848,train,75,fpb:496df4c0ad717848
fpb:497d11dde7079102,dev,75,fpb:497d11dde7079102
fpb:498519aa3a67751b,train,all,fpb:498519aa3a67751b
fpb:498f0f67a3d9bf3b,train,all,fpb:498f0f67a3d9bf3b
fpb:498ff07fda256dad,dev,75,fpb:498ff07fda256dad
fpb:49950f6e3e54138f,train,all,fpb:49950f6e3e54138f
fpb:49b6f42d33d32ee6,train,66,fpb:49b6f42d33d32ee6
fpb:49ba22efc7d180d6,train,all,fpb:49ba22efc7d180d6
fpb:4a055dcd9ec47e3c,train,all,fpb:4a055dcd9ec47e3c
fpb:4a12b77005ad6ef5,test,75,fpb:4a12b77005ad6ef5
fpb:4a2a50b9a5e2c943,train,all,fpb:4a2a50b9a5e2c943
fpb:4a3e1fd5a973b38e,train,all,fpb:4a3e1fd5a973b38e
fpb:4a43cbb4982f4d1b,train,all,fpb:4a43cbb4982f4d1b
fpb:4a58536cf4201c0c,train,66,fpb:4a58536cf4201c0c
fpb:4a588721231f5627,train,75,fpb:4a588721231f5627
fpb:4a58ea77f1ea9856,test,75,fpb:4a58ea77f1ea9856
fpb:4a5e9ff2af857e92,train,50,fpb:4a5e9ff2af857e92
fpb:4a68c87e902f8f86,test,75,fpb:4a68c87e902f8f86
fpb:4a70c8ca5a966a6e,train,75,fpb:4a70c8ca5a966a6e
fpb:4a765ab762a40ba3,train,all,fpb:4a765ab762a40ba3
fpb:4a7b99ea2bb33217,train,66,fpb:4a7b99ea2bb33217
fpb:4a7d1598d254000b,train,all,fpb:4a7d1598d254000b
fpb:4aa73f2776609072,train,75,fpb:4aa73f2776609072
fpb:4aab609335c6efc5,train,all,fpb:4aab609335c6efc5
fpb:4aaebe8d0ea36ec8,train,all,fpb:4aaebe8d0ea36ec8
fpb:4aaf17f4784b481e,dev,all,fpb:4aaf17f4784b481e
fpb:4aba2a7e20f36c7e,train,66,fpb:4aba2a7e20f36c7e
fpb:4abaed8895c28f6b,train,66,fpb:4abaed8895c28f6b
fpb:4ad12bdefedd106d,train,all,fpb:4ad12bdefedd106d
fpb:4af7a022501931a6,train,75,fpb:4af7a022501931a6
fpb:4afaab56b32d454e,train,all,fpb:4afaab56b32d454e
fpb:4b064f66b74fac8d,dev,66,fpb:4b064f66b74fac8d
fpb:4b0ad620d101fade,train,all,fpb:4b0ad620d101fade
fpb:4b0fb4782c092960,train,75,fpb:4b0fb4782c092960
fpb:4b19ff9402f6dfc1,train,66,fpb:4b19ff9402f6dfc1
fpb:4b35cad934519cc0,train,66,fpb:4b35cad934519cc0
fpb:4b7982c71d4dec59,train,all,fpb:4b7982c71d4dec59
fpb:4b863734acdbdfe8,train,all,fpb:4b863734acdbdfe8
fpb:4b9f8b3daa8b4508,train,all,fpb:4b9f8b3daa8b4508
fpb:4ba2b787d5dd9f3d,test,66,fpb:4ba2b787d5dd9f3d
fpb:4bb05a21f26ebace,test,75,fpb:4bb05a21f26ebace
fpb:4bb6d68bd9c88e77,train,all,fpb:4bb6d68bd9c88e77
fpb:4bbdf246f4e05129,train,all,fpb:4bbdf246f4e05129
fpb:4bdfd097a51e6f67,train,66,fpb:4bdfd097a51e6f67
fpb:4be15309c1e67430,train,all,fpb:4be15309c1e67430
fpb:4be444ba97235408,train,50,fpb:4be444ba97235408
fpb:4be6792542cbcd6e,train,all,fpb:4be6792542cbcd6e
fpb:4bf0411561a25b05,train,66,fpb:4bf0411561a25b05
fpb:4c05ea1343447245,train,all,fpb:4c05ea1343447245
fpb:4c5261d415255ae8,train,all,fpb:4c5261d415255ae8
fpb:4c5a30c820b271d0,train,all,fpb:4c5a30c820b271d0
fpb:4c6bd47244754a6f,train,66,fpb:4c6bd47244754a6f
fpb:4c6d9c44bab78168,train,all,fpb:4c6d9c44bab78168
fpb:4c6ee3e8c34c9605,test,66,fpb:4c6ee3e8c34c9605
fpb:4c877daa7c1d4e47,train,all,fpb:4c877daa7c1d4e47
fpb:4c8cdb9a6b511355,test,66,fpb:4c8cdb9a6b511355
fpb:4c9b5981f57df2d9,dev,66,fpb:4c9b5981f57df2d9
fpb:4cad5af16e36cf8e,train,all,fpb:4cad5af16e36cf8e
fpb:4cb6a5f5315bdaea,train,all,fpb:4cb6a5f5315bdaea
fpb:4cba43851168e66b,train,all,fpb:4cba43851168e66b
fpb:4cd87b065f759d07,train,all,fpb:4cd87b065f759d07
fpb:4cde95ea0e40186a,train,all,fpb:4cde95ea0e40186a
fpb:4cf1892ca72653f0,test,75,fpb:4cf1892ca72653f0
fpb:4d2382d216e5f3f1,train,all,fpb:06ae7a7433c9cdb7
fpb:4d287048e21b7ea5,dev,66,fpb:4d287048e21b7ea5
fpb:4d39aec16e0408e5,test,all,fpb:4d39aec16e0408e5
fpb:4d40f60d4f3a3b49,train,75,fpb:4d40f60d4f3a3b49
fpb:4d45ce9c5ae78532,train,all,fpb:4d45ce9c5ae78532
fpb:4d5ad16ed838e4aa,train,50,fpb:4d5ad16ed838e4aa
fpb:4d698b84d89d7d39,test,all,fpb:4d698b84d89d7d39
fpb:4d78e6300922b039,train,50,fpb:4d78e6300922b039
fpb:4d84b4d137183656,test,50,fpb:4d84b4d137183656
fpb:4d95c062c3483a2d,train,75,fpb:4d95c062c3483a2d
fpb:4d97f761a0731bcc,train,all,fpb:4d97f761a0731bcc
fpb:4d9eaf65a5bf08df,train,50,fpb:4d9eaf65a5bf08df
fpb:4db68fd1db4410e6,test,all,fpb:4db68fd1db4410e6
fpb:4dbf98f0e490db5b,train,all,fpb:4dbf98f0e490db5b
fpb:4dc76dcfccee0ae2,test,50,fpb:4dc76dcfccee0ae2
fpb:4dcc77c1d2c4c9eb,train,75,fpb:4dcc77c1d2c4c9eb
fpb:4dce49e1a6f0ae46,train,all,fpb:4dce49e1a6f0ae46
fpb:4dda8e18d8834f7d,dev,50,fpb:4dda8e18d8834f7d
fpb:4ddfce5bc6998c00,test,50,fpb:4ddfce5bc6998c00
fpb:4dedb662414bb51a,test,50,fpb:4dedb662414bb51a
fpb:4dfce65e8355a910,test,75,fpb:4dfce65e8355a910
fpb:4e00ca556f8bcf58,train,all,fpb:4e00ca556f8bcf58
fpb:4e023bfa86996ab2,train,75,fpb:4e023bfa86996ab2
fpb:4e0b24659b486f66,dev,all,fpb:4e0b24659b486f66
fpb:4e2db68af4da78cc,train,50,fpb:4e2db68af4da78cc
fpb:4e2f54937a3ac2d4,train,all,fpb:4e2f54937a3ac2d4
fpb:4e44554e68869d45,train,66,fpb:4e44554e68869d45
fpb:4e4f2730c1c6aab0,test,50,fpb:4e4f2730c1c6aab0
fpb:4e57a644cd8b9029,train,all,fpb:4e57a644cd8b9029
fpb:4e5aa1393d3c8993,train,50,fpb:4e5aa1393d3c8993
fpb:4e620a40ff5ae921,train,all,fpb:4e620a40ff5ae921
fpb:4e89fc25b18e0fd0,train,66,fpb:4e89fc25b18e0fd0
fpb:4e8b0ee525f6e3d9,test,all,fpb:4e8b0ee525f6e3d9
fpb:4e92190cb3c2febe,train,all,fpb:4e92190cb3c2febe
fpb:4eac2c97338c2ff7,train,all,fpb:4eac2c97338c2ff7
fpb:4eb4a5cfd1d3a27e,train,66,fpb:4eb4a5cfd1d3a27e
fpb:4ecb76e7fdc2cda2,train,all,fpb:4ecb76e7fdc2cda2
fpb:4edd89dc30462a88,train,75,fpb:4edd89dc30462a88
fpb:4ee00864912421ba,train,66,fpb:4ee00864912421ba
fpb:4ee23a968b6f3a26,train,75,fpb:4ee23a968b6f3a26
fpb:4eea3078eb82e2e7,train,all,fpb:4eea3078eb82e2e7
fpb:4ef8a2ca94783a92,train,all,fpb:4ef8a2ca94783a92
fpb:4f00261ae1971039,train,75,fpb:4f00261ae1971039
fpb:4f11d262fa1119f9,train,50,fpb:4f11d262fa1119f9
fpb:4f27ffc416cede78,train,all,fpb:4f27ffc416cede78
fpb:4f47e4f00c6677f2,train,all,fpb:4f47e4f00c6677f2
fpb:4f782d9230454bb8,test,all,fpb:4f782d9230454bb8
fpb:4f81dc385c9ed547,train,all,fpb:4f81dc385c9ed547
fpb:4f96509acedf371d,train,75,fpb:4f96509acedf371d
fpb:4fdfdc8ab21374c0,train,all,fpb:4fdfdc8ab21374c0
fpb:4fe51b9b0c15f356,train,66,fpb:4fe51b9b0c15f356
fpb:50288ebc9b8b3aa0,test,75,fpb:177225fd94f63699
fpb:5035725479ee636c,dev,all,fpb:5035725479ee636c
fpb:503ccc95041f0bad,train,50,fpb:503ccc95041f0bad
fpb:5047cae06220fe42,test,all,fpb:5047cae06220fe42
fpb:504dc5d7d19c9a59,train,all,fpb:504dc5d7d19c9a59
fpb:505a06a61d351fb2,train,66,fpb:505a06a61d351fb2
fpb:506c676f5b67fb6e,test,all,fpb:506c676f5b67fb6e
fpb:506d794db7550535,train,75,fpb:506d794db7550535
fpb:50773d62f4bbf18c,dev,75,fpb:50773d62f4bbf18c
fpb:5085966306dc7674,train,66,fpb:5085966306dc7674
fpb:5091a48fecd78727,train,all,fpb:5091a48fecd78727
fpb:5091ed7209d2455d,train,66,fpb:5091ed7209d2455d
fpb:50af1062f4a629b0,train,all,fpb:50af1062f4a629b0
fpb:50b99921d77e9b06,train,75,fpb:50b99921d77e9b06
fpb:50bc60bf493507ef,train,66,fpb:50bc60bf493507ef
fpb:50bdf0746480a7d5,train,all,fpb:50bdf0746480a7d5
fpb:50c29d6307860184,train,all,fpb:50c29d6307860184
fpb:50fb7e50a0594613,train,all,fpb:50fb7e50a0594613
fpb:510532a2da761c5e,train,all,fpb:510532a2da761c5e
fpb:510b7bf1c00f7a6f,train,all,fpb:510b7bf1c00f7a6f
fpb:5114db12a591ebdc,train,66,fpb:5114db12a591ebdc
fpb:512220201bf48728,train,all,fpb:512220201bf48728
fpb:5126413394ba740a,train,50,fpb:5126413394ba740a
fpb:51269bf1120bb3fc,test,all,fpb:51269bf1120bb3fc
fpb:51342bee8dade07a,train,all,fpb:51342bee8dade07a
fpb:5146604ce5f84934,dev,66,fpb:5146604ce5f84934
fpb:51721ed39f3ddbee,test,all,fpb:51721ed39f3ddbee
fpb:5184957682c1a14e,train,all,fpb:5184957682c1a14e
fpb:51a484eb19b1659c,dev,66,fpb:51a484eb19b1659c
fpb:51a6ea4549cbfc1b,train,all,fpb:51a6ea4549cbfc1b
fpb:51b3957b1cecea4e,test,all,fpb:51b3957b1cecea4e
fpb:51b9e26e3c06bee8,train,66,fpb:51b9e26e3c06bee8
fpb:51bd0ebf94a55c08,train,all,fpb:51bd0ebf94a55c08
fpb:51ee0c4fb63062ab,test,75,fpb:51ee0c4fb63062ab
fpb:51f35f45781cef38,train,all,fpb:51f35f45781cef38
fpb:521b58c0edda1559,train,75,fpb:521b58c0edda1559
fpb:521bb003d60a96d2,test,all,fpb:521bb003d60a96d2
fpb:522cb38a71ebd9bd,train,75,fpb:522cb38a71ebd9bd
fpb:52408fd46ddec626,train,all,fpb:52408fd46ddec626
fpb:524653f21f9831ea,train,all,fpb:524653f21f9831ea
fpb:52a1014b4914c116,train,all,fpb:52a1014b4914c116
fpb:52a3f938f043b43c,train,all,fpb:52a3f938f043b43c
fpb:52acb673ad8c7d02,test,66,fpb:52acb673ad8c7d02
fpb:52b315fd1001fd82,train,66,fpb:52b315fd1001fd82
fpb:52b7302540fa7629,test,50,fpb:52b7302540fa7629
fpb:52ead86b9afddad1,train,66,fpb:52ead86b9afddad1
fpb:52f4bea029c0ddb9,train,all,fpb:52f4bea029c0ddb9
fpb:5312a476e067b56a,dev,75,fpb:5312a476e067b56a
fpb:5332cf8982392b9e,train,50,fpb:5332cf8982392b9e
fpb:53568a86dc795689,train,all,fpb:53568a86dc795689
fpb:5367271d00b011aa,train,50,fpb:5367271d00b011aa
fpb:53699c014074e02e,train,75,fpb:53699c014074e02e
fpb:5375adde77775b51,train,all,fpb:5375adde77775b51
fpb:5389eecfbac185a6,dev,66,fpb:5389eecfbac185a6
fpb:538ac85fcec4f841,train,50,fpb:538ac85fcec4f841
fpb:53949d9b0506e8b1,dev,all,fpb:53949d9b0506e8b1
fpb:53af1e724da7e02c,train,50,fpb:53af1e724da7e02c
fpb:53b1f59337ea6df2,train,66,fpb:49950f6e3e54138f
fpb:53d7a6141da347ab,train,50,fpb:53d7a6141da347ab
fpb:53d92001463c7e0e,train,all,fpb:53d92001463c7e0e
fpb:53ed535eb68a35a3,train,all,fpb:53ed535eb68a35a3
fpb:540202f6a7497601,train,all,fpb:540202f6a7497601
fpb:54024b72644ffb00,dev,all,fpb:54024b72644ffb00
fpb:54036ffedea19819,train,50,fpb:54036ffedea19819
fpb:540d03b44c528d50,train,50,fpb:540d03b44c528d50
fpb:5427594d4f1ce85a,train,75,fpb:5427594d4f1ce85a
fpb:543a664f1fd2fb22,dev,66,fpb:543a664f1fd2fb22
fpb:5461636b801a1e07,train,75,fpb:5461636b801a1e07
fpb:54649acd406fab19,test,all,fpb:54649acd406fab19
fpb:5476fc72a882c0c9,train,all,fpb:5476fc72a882c0c9
fpb:548ae891afec8e88,test,66,fpb:548ae891afec8e88
fpb:54a0dafd056058a9,train,75,fpb:54a0dafd056058a9
fpb:54b9160edd65e2de,test,50,fpb:54b9160edd65e2de
fpb:54bcba9a553f539e,train,all,fpb:54bcba9a553f539e
fpb:54d5256f8aff1bda,dev,75,fpb:54d5256f8aff1bda
fpb:54e3cb27a0dda8b1,train,all,fpb:54e3cb27a0dda8b1
fpb:54f946a4935ea3eb,train,75,fpb:54f946a4935ea3eb
fpb:5508eb2f63820048,train,75,fpb:5508eb2f63820048
fpb:550c19998c0a3392,train,50,fpb:550c19998c0a3392
fpb:552d8c15e4d461ee,train,all,fpb:552d8c15e4d461ee
fpb:5530b4a8b444ccd0,test,all,fpb:5530b4a8b444ccd0
fpb:55605945eb548dd8,train,66,fpb:55605945eb548dd8
fpb:5560bcf79096cc03,test,75,fpb:5560bcf79096cc03
fpb:556e66a00f8c3f7f,train,66,fpb:556e66a00f8c3f7f
fpb:5576ebc4c089ab5e,train,50,fpb:5576ebc4c089ab5e
fpb:557d82bd2fd51a95,test,50,fpb:557d82bd2fd51a95
fpb:558ba60766a39dbd,train,75,fpb:558ba60766a39dbd
fpb:558e98f1cab4028c,train,50,fpb:558e98f1cab4028c
fpb:5590c73cffc1573d,train,75,fpb:5590c73cffc1573d
fpb:5594a740521fe92a,train,75,fpb:5594a740521fe92a
fpb:55a1870d101feee2,train,66,fpb:55a1870d101feee2
fpb:55a3646591c715e3,test,66,fpb:55a3646591c715e3
fpb:55ad2f884521e7e8,dev,66,fpb:55ad2f884521e7e8
fpb:55b24f3e8eed57a4,test,75,fpb:55b24f3e8eed57a4
fpb:55e0fa749777e1aa,test,50,fpb:55e0fa749777e1aa
fpb:55e3d1104fe5c385,test,66,fpb:55e3d1104fe5c385
fpb:55fd04adbf6eb9bc,test,75,fpb:55fd04adbf6eb9bc
fpb:5603566fbf58dfd7,train,66,fpb:5603566fbf58dfd7
fpb:5604af98f5da2982,train,66,fpb:5604af98f5da2982
fpb:560c35392f1ee7f9,train,75,fpb:560c35392f1ee7f9
fpb:56192a9db278c9bd,train,75,fpb:56192a9db278c9bd
fpb:562ad6b27700c78c,test,all,fpb:562ad6b27700c78c
fpb:5636e8987a498828,train,75,fpb:5636e8987a498828
fpb:5641a8ab5849b969,test,50,fpb:5641a8ab5849b969
fpb:5641cacb1472da21,test,all,fpb:5641cacb1472da21
fpb:5647a4b2a959ab38,train,all,fpb:5647a4b2a959ab38
fpb:565f4a318aafa9e0,dev,all,fpb:565f4a318aafa9e0
fpb:566628a91f0e01e4,test,66,fpb:566628a91f0e01e4
fpb:569a788dfc033b7a,train,50,fpb:569a788dfc033b7a
fpb:569bb495cab52d75,train,all,fpb:569bb495cab52d75
fpb:56af30ad93462161,dev,all,fpb:56af30ad93462161
fpb:56bb01a3555f0aff,test,all,fpb:56bb01a3555f0aff
fpb:56d0418f4ce5a721,test,all,fpb:56d0418f4ce5a721
fpb:56db8e853a8e0af0,test,66,fpb:56db8e853a8e0af0
fpb:56df14607ed64c37,test,50,fpb:56df14607ed64c37
fpb:56ebf2466bb12204,test,75,fpb:56ebf2466bb12204
fpb:56f899b04cf0841a,train,66,fpb:56f899b04cf0841a
fpb:57086bb4f78a9b98,train,all,fpb:57086bb4f78a9b98
fpb:570c5f91bb95515e,train,all,fpb:570c5f91bb95515e
fpb:571316a747028f70,train,all,fpb:571316a747028f70
fpb:57161e1484a11450,train,75,fpb:57161e1484a11450
fpb:57162b96a8870366,train,75,fpb:57162b96a8870366
fpb:573a6b850ce9d973,test,all,fpb:573a6b850ce9d973
fpb:574d98b8e0c1bdd1,train,66,fpb:574d98b8e0c1bdd1
fpb:5752e822d9944412,train,all,fpb:5752e822d9944412
fpb:575475db12661855,dev,75,fpb:575475db12661855
fpb:57712a4976cf145b,test,66,fpb:57712a4976cf145b
fpb:57741ea2e015fbbd,train,all,fpb:57741ea2e015fbbd
fpb:5776eeb18de99865,dev,66,fpb:5776eeb18de99865
fpb:57beb0e88b9791a4,train,66,fpb:57beb0e88b9791a4
fpb:57c689c99b5f1955,train,75,fpb:57c689c99b5f1955
fpb:57d9741379d09729,test,all,fpb:57d9741379d09729
fpb:581579ce5d5772eb,test,all,fpb:581579ce5d5772eb
fpb:5817f5bc16b67c5a,train,50,fpb:5817f5bc16b67c5a
fpb:58244515db4e5e23,train,66,fpb:58244515db4e5e23
fpb:58461124a8928a59,train,75,fpb:58461124a8928a59
fpb:58509e9ba694b939,test,66,fpb:58509e9ba694b939
fpb:5863bf1baf5b3a86,test,66,fpb:5863bf1baf5b3a86
fpb:58756be42b7f6ff8,train,all,fpb:58756be42b7f6ff8
fpb:587c0d67aa024d91,test,all,fpb:587c0d67aa024d91
fpb:58a8fc65e29b5b61,test,all,fpb:58a8fc65e29b5b61
fpb:58afda8538ecc680,train,all,fpb:58afda8538ecc680
fpb:58b283f4be839d99,test,66,fpb:58b283f4be839d99
fpb:58ba1237b3dd9a33,train,all,fpb:58ba1237b3dd9a33
fpb:58ba337a78129b09,dev,all,fpb:58ba337a78129b09
fpb:58bc43c11f0a7a92,train,all,fpb:58bc43c11f0a7a92
fpb:58ccfeff13ade57e,train,75,fpb:58ccfeff13ade57e
fpb:58d05acfeb61df8e,train,66,fpb:58d05acfeb61df8e
fpb:58df596c3603add1,train,all,fpb:58df596c3603add1
fpb:58e56358d35a01fc,train,75,fpb:58e56358d35a01fc
fpb:58e74754af1e665e,train,all,fpb:58e74754af1e665e
fpb:590cb20e69ee191f,train,all,fpb:590cb20e69ee191f
fpb:591703ebebfe57ba,test,50,fpb:591703ebebfe57ba
fpb:591db7e60258007d,test,all,fpb:591db7e60258007d
fpb:591e40f520ba1bcf,train,all,fpb:591e40f520ba1bcf
fpb:591ec65eb87d9fe3,train,50,fpb:591ec65eb87d9fe3
fpb:592181ade3115b79,test,all,fpb:592181ade3115b79
fpb:5939d24d80b413da,train,all,fpb:5939d24d80b413da
fpb:594159b2b72c2df8,test,all,fpb:594159b2b72c2df8
fpb:5953118f211da66d,train,all,fpb:5953118f211da66d
fpb:59564ffff4ae6415,train,66,fpb:59564ffff4ae6415
fpb:5959bcfeb4e08d7e,train,all,fpb:5959bcfeb4e08d7e
fpb:595cba6054dc18f3,train,66,fpb:595cba6054dc18f3
fpb:5965dd6628cb7f87,train,50,fpb:5965dd6628cb7f87
fpb:598134123317ff85,train,all,fpb:598134123317ff85
fpb:5993af0ee923f3ed,dev,66,fpb:5993af0ee923f3ed
fpb:599810567b85371a,train,75,fpb:599810567b85371a
fpb:599870bff4cca3de,train,all,fpb:599870bff4cca3de
fpb:59c5e067700057bf,train,66,fpb:59c5e067700057bf
fpb:59d385890f9ef93a,train,all,fpb:59d385890f9ef93a
fpb:59d5fbbadbd638c6,dev,all,fpb:59d5fbbadbd638c6
fpb:59d694ba419f60b6,test,all,fpb:59d694ba419f60b6
fpb:59ff12d8fcfb3a24,train,all,fpb:59ff12d8fcfb3a24
fpb:5a04624e7d8b72ee,train,75,fpb:5a04624e7d8b72ee
fpb:5a1d0ed893ce69d8,train,all,fpb:5a1d0ed893ce69d8
fpb:5a1e6c2359c39f5f,train,all,fpb:5a1e6c2359c39f5f
fpb:5a2139362a32f242,dev,75,fpb:5a2139362a32f242
fpb:5a288e56846fe6d4,train,all,fpb:5a288e56846fe6d4
fpb:5a3ae3bb69e66d16,train,all,fpb:5a3ae3bb69e66d16
fpb:5a40ebdcca349a17,dev,66,fpb:5a40ebdcca349a17
fpb:5a45045b8833b32f,train,50,fpb:5a45045b8833b32f
fpb:5a48df096b58b348,test,all,fpb:5a48df096b58b348
fpb:5a64c304ab2d078b,train,50,fpb:5a64c304ab2d078b
fpb:5a7d782bbcc0d722,train,all,fpb:5a7d782bbcc0d722
fpb:5ab0d467fb49ab0c,dev,all,fpb:5ab0d467fb49ab0c
fpb:5ab906d186bbd2dd,train,all,fpb:5ab906d186bbd2dd
fpb:5aba3a254dec3ee9,train,50,fpb:5aba3a254dec3ee9
fpb:5ac4ac55d88a0686,dev,75,fpb:5ac4ac55d88a0686
fpb:5ad805f24739067e,test,all,fpb:5ad805f24739067e
fpb:5ae0bb6c35a823d9,dev,all,fpb:5ae0bb6c35a823d9
fpb:5b2077195224362e,train,75,fpb:5b2077195224362e
fpb:5b4823653a78fe23,train,50,fpb:5b4823653a78fe23
fpb:5b572efdf375f2a4,train,75,fpb:5b572efdf375f2a4
fpb:5b59385abeff0908,train,all,fpb:5b59385abeff0908
fpb:5b5fda027e48240f,train,50,fpb:5b5fda027e48240f
fpb:5b812cf50c6a0a39,train,75,fpb:5b812cf50c6a0a39
fpb:5b878959026a34c2,train,all,fpb:5b878959026a34c2
fpb:5b93fa59106eba23,train,66,fpb:5b93fa59106eba23
fpb:5ba155e332a754ba,train,all,fpb:5ba155e332a754ba
fpb:5ba41acdb5f3fe8d,test,50,fpb:5ba41acdb5f3fe8d
fpb:5bb2e2206c14d717,train,66,fpb:5bb2e2206c14d717
fpb:5bcbc870cd02840d,dev,50,fpb:5bcbc870cd02840d
fpb:5bd4b96d0870d6d2,train,75,fpb:5bd4b96d0870d6d2
fpb:5bd7adfac3eee494,train,all,fpb:5bd7adfac3eee494
fpb:5bed866fa0ac0b77,test,all,fpb:5bed866fa0ac0b77
fpb:5beff7676d10a84c,test,50,fpb:5beff7676d10a84c
fpb:5c115af28a16c823,test,75,fpb:5c115af28a16c823
fpb:5c1fb14539907722,train,75,fpb:5c1fb14539907722
fpb:5c37a7df25d1867c,train,all,fpb:5c37a7df25d1867c
fpb:5c3b29b4043d651f,test,all,fpb:5c3b29b4043d651f
fpb:5c56eed2c7d57813,train,all,fpb:5c56eed2c7d57813
fpb:5c59ed1c106fae16,train,all,fpb:5c59ed1c106fae16
fpb:5c8de77c4b441edf,train,all,fpb:5c8de77c4b441edf
fpb:5c90882ead9c7eeb,train,66,fpb:5c90882ead9c7eeb
fpb:5c9638f6e08d6966,test,75,fpb:5c9638f6e08d6966
fpb:5ca191cc042e6fa5,train,75,fpb:5ca191cc042e6fa5
fpb:5cad3ec79025af5d,dev,all,fpb:5cad3ec79025af5d
fpb:5cbcd6171b6dc305,train,75,fpb:5cbcd6171b6dc305
fpb:5cbedb4256ab857c,train,all,fpb:5cbedb4256ab857c
fpb:5cc5c44676852f54,train,all,fpb:5cc5c44676852f54
fpb:5cdb069fa673922e,test,75,fpb:5cdb069fa673922e
fpb:5cdf6681d83c4959,train,all,fpb:5cdf6681d83c4959
fpb:5ce13dac89552cd7,train,50,fpb:5ce13dac89552cd7
fpb:5ce8b63b9673d529,test,50,fpb:5ce8b63b9673d529
fpb:5cf131601c284ff6,test,75,fpb:5cf131601c284ff6
fpb:5cf321181b8ff143,dev,all,fpb:5cf321181b8ff143
fpb:5d00d1636a0682dd,train,75,fpb:5d00d1636a0682dd
fpb:5d027b4c340b7b65,test,75,fpb:5d027b4c340b7b65
fpb:5d2099cd2f8dd80c,train,66,fpb:5d2099cd2f8dd80c
fpb:5d5452b51c14fd41,test,all,fpb:5d5452b51c14fd41
fpb:5d5a6dee8c920dde,train,50,fpb:5d5a6dee8c920dde
fpb:5d630e1bfce1f0cb,test,all,fpb:0f280483daab2c19
fpb:5d781fe2de0fc582,train,75,fpb:5d781fe2de0fc582
fpb:5d82e8b08497b1c7,train,all,fpb:5d82e8b08497b1c7
fpb:5d8c68c1ccd34875,train,all,fpb:5d8c68c1ccd34875
fpb:5d989446e7dfd40f,train,all,fpb:5d989446e7dfd40f
fpb:5d9b5697adb824ce,train,75,fpb:5d9b5697adb824ce
fpb:5da954fb229f9927,train,all,fpb:5da954fb229f9927
fpb:5daf437d2fccd2bf,test,50,fpb:5daf437d2fccd2bf
fpb:5db1e9e5049d1008,train,50,fpb:5db1e9e5049d1008
fpb:5dbeb8d8a6080c26,train,66,fpb:5dbeb8d8a6080c26
fpb:5df904a9377d55f2,train,all,fpb:5df904a9377d55f2
fpb:5e1e32d5d25fe82c,test,66,fpb:5e1e32d5d25fe82c
fpb:5e2201b2d61153fa,train,75,fpb:5e2201b2d61153fa
fpb:5e374811d62b93b4,train,66,fpb:5e374811d62b93b4
fpb:5e4ec9e34382794f,dev,all,fpb:5e4ec9e34382794f
fpb:5e5ae86b7bf5102e,train,all,fpb:5e5ae86b7bf5102e
fpb:5e5c27bc25815019,dev,all,fpb:5e5c27bc25815019
fpb:5e64e79398c9f866,train,75,fpb:5e64e79398c9f866
fpb:5e79a31dd508b77d,test,75,fpb:5e79a31dd508b77d
fpb:5ea499b57473712b,train,all,fpb:5ea499b57473712b
fpb:5ea7ae96a9046be5,train,50,fpb:5ea7ae96a9046be5
fpb:5ec7353a9946d354,train,66,fpb:5ec7353a9946d354
fpb:5ecd8919d89b46c0,train,all,fpb:5ecd8919d89b46c0
fpb:5ee664281348444c,train,all,fpb:5ee664281348444c
fpb:5eedb546c99062df,test,66,fpb:5eedb546c99062df
fpb:5f1a313a7fb25a1a,train,all,fpb:5f1a313a7fb25a1a
fpb:5f335c1a762cf102,train,50,fpb:5f335c1a762cf102
fpb:5f4035101f96278c,train,50,fpb:5f4035101f96278c
fpb:5f54b3b4d87363fb,test,all,fpb:5f54b3b4d87363fb
fpb:5f633fac3317752c,test,all,fpb:5f633fac3317752c
fpb:5f662f65ff8e5433,test,50,fpb:5f662f65ff8e5433
fpb:5f66c53bfabf7088,train,50,fpb:5f66c53bfabf7088
fpb:5f6e85b826f2fa8c,test,all,fpb:5f6e85b826f2fa8c
fpb:5f83df85fc65a6e8,test,75,fpb:5f83df85fc65a6e8
fpb:5f8a6d51f3520d5d,test,all,fpb:5f8a6d51f3520d5d
fpb:5f91e25d94235c69,train,all,fpb:5f91e25d94235c69
fpb:5fa5fa12c77094c6,train,50,fpb:5fa5fa12c77094c6
fpb:5fa7e6338f6fd45a,test,66,fpb:5fa7e6338f6fd45a
fpb:5fad39d245af3931,test,66,fpb:5fad39d245af3931
fpb:5fbb37ca23052957,train,all,fpb:5fbb37ca23052957
fpb:5fc780d22150a77d,test,50,fpb:5fc780d22150a77d
fpb:5fce5d5150e57e28,test,75,fpb:5fce5d5150e57e28
fpb:5fd6eaeb3b7e4240,train,all,fpb:5fd6eaeb3b7e4240
fpb:5fe25307986e7836,train,75,fpb:5fe25307986e7836
fpb:6030eafe7f71931c,train,66,fpb:6030eafe7f71931c
fpb:603deba1201d8f4f,train,all,fpb:2dabc18cde36659b
fpb:607c2658f9010d70,train,all,fpb:607c2658f9010d70
fpb:60842d0a80d096b4,train,66,fpb:60842d0a80d096b4
fpb:608aea44a23be06b,train,all,fpb:608aea44a23be06b
fpb:60982b5ffba5b664,train,66,fpb:60982b5ffba5b664
fpb:60deb528a56d08d1,train,66,fpb:60deb528a56d08d1
fpb:60e7c5a2a982d6b2,train,50,fpb:60e7c5a2a982d6b2
fpb:60e9dab548617acf,test,all,fpb:60e9dab548617acf
fpb:60ecf73806dbb9d2,train,all,fpb:047aef2150acb96c
fpb:60fb6c4f2e4fbd7f,train,all,fpb:60fb6c4f2e4fbd7f
fpb:6102608581deffe4,train,all,fpb:6102608581deffe4
fpb:611f5a3e009d6fc7,train,66,fpb:611f5a3e009d6fc7
fpb:612b39232ff7ebdc,train,66,fpb:612b39232ff7ebdc
fpb:614a61f6161f7307,train,75,fpb:614a61f6161f7307
fpb:614e3bbbe33000d6,train,66,fpb:614e3bbbe33000d6
fpb:6161f2684602c1ba,dev,all,fpb:6161f2684602c1ba
fpb:6162250616e7ad61,train,75,fpb:6162250616e7ad61
fpb:61779ab92b6e142b,train,all,fpb:61779ab92b6e142b
fpb:618b81106ff39492,test,75,fpb:618b81106ff39492
fpb:6192f6c19b05c733,train,50,fpb:6192f6c19b05c733
fpb:61affd3878ec366b,train,66,fpb:61affd3878ec366b
fpb:61b376372e77bd76,train,66,fpb:61b376372e77bd76
fpb:61dbc109d0d1a2fa,train,66,fpb:61dbc109d0d1a2fa
fpb:61ffe26a892d94dc,test,50,fpb:61ffe26a892d94dc
fpb:620751c4e36f3634,train,50,fpb:620751c4e36f3634
fpb:621314b3f2003803,dev,66,fpb:621314b3f2003803
fpb:621cc7f675f92bf5,test,75,fpb:621cc7f675f92bf5
fpb:622bb42d016f0908,test,66,fpb:622bb42d016f0908
fpb:623a1e17726c47cd,train,all,fpb:623a1e17726c47cd
fpb:623cbea047273412,test,66,fpb:623cbea047273412
fpb:624ced29558ea1b4,train,all,fpb:624ced29558ea1b4
fpb:625442987b4527a5,test,50,fpb:625442987b4527a5
fpb:626768a9490e7d1d,train,66,fpb:626768a9490e7d1d
fpb:626c333339828cd6,train,all,fpb:626c333339828cd6
fpb:62799c9f2640b47f,train,50,fpb:62799c9f2640b47f
fpb:627ad5713c483f42,train,all,fpb:627ad5713c483f42
fpb:628ae18840285ded,train,all,fpb:628ae18840285ded
fpb:628ec7a9a05c2e19,dev,50,fpb:628ec7a9a05c2e19
fpb:629a9b845c283062,test,all,fpb:629a9b845c283062
fpb:62c393400d7e6546,test,50,fpb:62c393400d7e6546
fpb:62ccfc3ae7dffc50,train,all,fpb:62ccfc3ae7dffc50
fpb:62de604144cdd533,train,66,fpb:62de604144cdd533
fpb:62efebac71aac612,test,all,fpb:62efebac71aac612
fpb:62fa063d752ff22a,train,all,fpb:62fa063d752ff22a
fpb:6309a6a67721632b,test,75,fpb:6309a6a67721632b
fpb:630b602f490c2b90,train,66,fpb:630b602f490c2b90
fpb:631e7927e09e791e,train,75,fpb:631e7927e09e791e
fpb:633122d71951a35d,train,all,fpb:633122d71951a35d
fpb:6339096b829799a3,train,50,fpb:6339096b829799a3
fpb:634a767bca627ae8,train,75,fpb:634a767bca627ae8
fpb:63834bfeeba4fbbd,dev,75,fpb:63834bfeeba4fbbd
fpb:639b611a33ba9d46,test,50,fpb:639b611a33ba9d46
fpb:639cc5b11bb869c1,train,all,fpb:639cc5b11bb869c1
fpb:639e47326916c827,train,75,fpb:639e47326916c827
fpb:63a7312bb56eb30b,train,66,fpb:63a7312bb56eb30b
fpb:63b5e428cd408179,test,all,fpb:63b5e428cd408179
fpb:63be2c1c1a8bc7b7,train,66,fpb:63be2c1c1a8bc7b7
fpb:63be6576b6634b38,train,all,fpb:63be6576b6634b38
fpb:63c2cf5ca43731ef,train,66,fpb:63c2cf5ca43731ef
fpb:63d8d9c4f48882ee,train,75,fpb:63d8d9c4f48882ee
fpb:63f7c1c8b2180fc5,train,66,fpb:63f7c1c8b2180fc5
fpb:63fdd819fec65b53,train,75,fpb:63fdd819fec65b53
fpb:640213fdeba94b25,test,75,fpb:640213fdeba94b25
fpb:640edc636d8b0df5,test,all,fpb:640edc636d8b0df5
fpb:642193ee4bf65bb1,dev,75,fpb:642193ee4bf65bb1
fpb:6438af2cdf684f75,dev,66,fpb:6438af2cdf684f75
fpb:643dfccfa639b62e,train,all,fpb:643dfccfa639b62e
fpb:6442953612c5895b,train,75,fpb:6442953612c5895b
fpb:64560f7e8a0d8332,train,75,fpb:64560f7e8a0d8332
fpb:646244936fccb043,test,all,fpb:646244936fccb043
fpb:648b9d38802dedff,train,all,fpb:648b9d38802dedff
fpb:64a249e6dbcff30f,train,50,fpb:64a249e6dbcff30f
fpb:64a619171dcd6fab,train,75,fpb:64a619171dcd6fab
fpb:64b7a2b4c7db72c2,train,75,fpb:64b7a2b4c7db72c2
fpb:64dbc681c68bd10d,train,75,fpb:64dbc681c68bd10d
fpb:64e6ecced37b17d8,train,all,fpb:64e6ecced37b17d8
fpb:65072610076e9de5,train,66,fpb:65072610076e9de5
fpb:6520cd8d39af5ae4,train,50,fpb:6520cd8d39af5ae4
fpb:65269c89452a0d77,test,75,fpb:65269c89452a0d77
fpb:65388cc5bcf200cd,test,75,fpb:65388cc5bcf200cd
fpb:653a13ad11800616,train,75,fpb:653a13ad11800616
fpb:6542cfd8ac7e36d8,train,75,fpb:6542cfd8ac7e36d8
fpb:654dae04b3474d6e,train,75,fpb:654dae04b3474d6e
fpb:6550fe4d9e103e4b,train,75,fpb:6550fe4d9e103e4b
fpb:656068fb5aefaf51,train,66,fpb:656068fb5aefaf51
fpb:656641be79b21700,test,66,fpb:656641be79b21700
fpb:656fa9c5e3c30488,train,all,fpb:656fa9c5e3c30488
fpb:6572cea98ef6dc54,train,75,fpb:6572cea98ef6dc54
fpb:657f50aa7a9c4546,dev,all,fpb:657f50aa7a9c4546
fpb:65835c3e67b49825,test,all,fpb:65835c3e67b49825
fpb:6589810fa0ee5cf2,train,75,fpb:6589810fa0ee5cf2
fpb:658b462e7bb5633d,test,all,fpb:658b462e7bb5633d
fpb:659e2d9c0333c484,test,66,fpb:659e2d9c0333c484
fpb:65a3411587604fb1,train,75,fpb:65a3411587604fb1
fpb:65a8fc07e31773bf,train,75,fpb:65a8fc07e31773bf
fpb:65b4a4e9a1c612ce,train,all,fpb:65b4a4e9a1c612ce
fpb:65b8116c0dcb2dbf,test,75,fpb:65b8116c0dcb2dbf
fpb:65b943622b193d1b,train,75,fpb:65b943622b193d1b
fpb:65b9a2e2d49b34ef,train,all,fpb:65b9a2e2d49b34ef
fpb:65ba859b664270fe,dev,all,fpb:65ba859b664270fe
fpb:65baf296c46e73c7,train,75,fpb:65baf296c46e73c7
fpb:65bf3cd70b34a2e2,train,66,fpb:65bf3cd70b34a2e2
fpb:65c9a951d06a7ce2,train,all,fpb:65c9a951d06a7ce2
fpb:65caf076aa9e16ce,train,all,fpb:65caf076aa9e16ce
fpb:65da8d44d6484f43,train,75,fpb:65da8d44d6484f43
fpb:65e96aef73d614cd,test,75,fpb:65e96aef73d614cd
fpb:65ed1021ad5d576a,train,50,fpb:65ed1021ad5d576a
fpb:65f3d249fdb9d38f,train,all,fpb:65f3d249fdb9d38f
fpb:65fc008174dd2832,train,66,fpb:65fc008174dd2832
fpb:6608b34112fed3e5,train,all,fpb:6608b34112fed3e5
fpb:6621c1f1a78f3e9d,test,all,fpb:6621c1f1a78f3e9d
fpb:662883b85dcfe360,test,all,fpb:662883b85dcfe360
fpb:6629abbdbb7d3247,train,all,fpb:6629abbdbb7d3247
fpb:66340eeea9134f42,train,all,fpb:66340eeea9134f42
fpb:6637e19819d5ee47,train,66,fpb:6637e19819d5ee47
fpb:66402620f30d1959,test,50,fpb:66402620f30d1959
fpb:66550629229b75f3,test,50,fpb:66550629229b75f3
fpb:6684a3e41db1288c,train,all,fpb:6684a3e41db1288c
fpb:66aacdb9d160048f,train,75,fpb:66aacdb9d160048f
fpb:66cb2a96902f8821,train,75,fpb:66cb2a96902f8821
fpb:66e6ea6b56df7680,train,all,fpb:66e6ea6b56df7680
fpb:66e91d95f461cd19,train,50,fpb:66e91d95f461cd19
fpb:66f0816a23e3d031,train,all,fpb:66f0816a23e3d031
fpb:66fc1e9bd3590b25,dev,all,fpb:66fc1e9bd3590b25
fpb:66fc36f34a80c365,train,all,fpb:66fc36f34a80c365
fpb:6718b4f3ca69e625,train,50,fpb:6718b4f3ca69e625
fpb:671a4779b17c0fe2,train,all,fpb:671a4779b17c0fe2
fpb:672839fc64de16fb,train,all,fpb:672839fc64de16fb
fpb:672aa28cb11bc989,train,all,fpb:672aa28cb11bc989
fpb:6757549f617dc8c6,test,75,fpb:6757549f617dc8c6
fpb:677d00cb4f29ff77,dev,all,fpb:677d00cb4f29ff77
fpb:678331f991b58837,train,66,fpb:678331f991b58837
fpb:678a631c870bb870,test,all,fpb:678a631c870bb870
fpb:67932285d7619483,train,all,fpb:67932285d7619483
fpb:679f14b18a6b4315,dev,75,fpb:679f14b18a6b4315
fpb:67a17c1c2741c893,train,all,fpb:67a17c1c2741c893
fpb:67a2a48e31d7b8fa,train,50,fpb:67a2a48e31d7b8fa
fpb:67a5d35e9f177e3c,train,75,fpb:67a5d35e9f177e3c
fpb:67aafb999dcca321,dev,all,fpb:67aafb999dcca321
fpb:67c3add8dd625910,train,75,fpb:67c3add8dd625910
fpb:67db6b4b7fdec28c,dev,75,fpb:67db6b4b7fdec28c
fpb:67e0a54660ad8d1b,test,75,fpb:67e0a54660ad8d1b
fpb:67f4427d384d2b9b,dev,75,fpb:67f4427d384d2b9b
fpb:67f6dc50f6cbd9e4,train,all,fpb:67f6dc50f6cbd9e4
fpb:67facfc16d67a066,train,all,fpb:67facfc16d67a066
fpb:683706bd83a31f16,dev,all,fpb:683706bd83a31f16
fpb:6839caa3f9d3ea49,test,75,fpb:6839caa3f9d3ea49
fpb:6841d994f68724d4,train,all,fpb:6841d994f68724d4
fpb:6864855ea97580f7,train,all,fpb:6864855ea97580f7
fpb:6872afbf9808e665,train,all,fpb:6872afbf9808e665
fpb:6878f37cb0873ea2,dev,75,fpb:6878f37cb0873ea2
fpb:689d131d96d6c345,train,all,fpb:689d131d96d6c345
fpb:689d1b60368348c3,train,all,fpb:689d1b60368348c3
fpb:68a0f2c4417cbe76,test,all,fpb:68a0f2c4417cbe76
fpb:68abfbfb25556bf6,test,66,fpb:68abfbfb25556bf6
fpb:68b754d5756342f1,train,66,fpb:68b754d5756342f1
fpb:68d925d6f45d4cfb,train,all,fpb:68d925d6f45d4cfb
fpb:68db7eabb196518f,train,75,fpb:68db7eabb196518f
fpb:68e592c8b1166597,train,all,fpb:68e592c8b1166597
fpb:68edaff46aa25c7c,train,all,fpb:68edaff46aa25c7c
fpb:691432a014c85a45,train,66,fpb:691432a014c85a45
fpb:69152c1f50ddd765,test,75,fpb:69152c1f50ddd765
fpb:6918a7412e0cb8d2,dev,66,fpb:6918a7412e0cb8d2
fpb:692498a73859b275,train,50,fpb:692498a73859b275
fpb:6929afbe6ef77eeb,test,all,fpb:6929afbe6ef77eeb
fpb:692c426b25901990,train,75,fpb:692c426b25901990
fpb:692d438e57073ae4,train,66,fpb:692d438e57073ae4
fpb:694f3a5ef35db92a,train,50,fpb:694f3a5ef35db92a
fpb:6956259e0c1fee33,train,50,fpb:6956259e0c1fee33
fpb:69599e602b6b621d,train,all,fpb:69599e602b6b621d
fpb:695cea5b8aebd792,dev,75,fpb:695cea5b8aebd792
fpb:695ef9f6465e8a52,train,66,fpb:695ef9f6465e8a52
fpb:696782c3fa3b8591,test,50,fpb:696782c3fa3b8591
fpb:696fb3942b94f28d,train,75,fpb:696fb3942b94f28d
fpb:6972bef6a86bea59,test,all,fpb:6972bef6a86bea59
fpb:697b0c8e9737aaf3,test,50,fpb:697b0c8e9737aaf3
fpb:69931458acd35864,test,66,fpb:69931458acd35864
fpb:699bdb990e3cc6fe,train,all,fpb:699bdb990e3cc6fe
fpb:69a62a3f93355356,train,all,fpb:69a62a3f93355356
fpb:69ad7e31bffde682,train,66,fpb:69ad7e31bffde682
fpb:69b3f0eb3c6d0bf6,train,75,fpb:69b3f0eb3c6d0bf6
fpb:69c5842edd123fd9,train,all,fpb:69c5842edd123fd9
fpb:69ddd6267066d129,train,all,fpb:69ddd6267066d129
fpb:69e068adc6e39dbb,test,75,fpb:69e068adc6e39dbb
fpb:69edcf57cc7c63c3,train,75,fpb:69edcf57cc7c63c3
fpb:69f83b5ead399828,test,50,fpb:69f83b5ead399828
fpb:69fd25f061dc6adc,train,75,fpb:69fd25f061dc6adc
fpb:69fea3d375b027d3,train,all,fpb:69fea3d375b027d3
fpb:6a1913f8933d1613,train,all,fpb:6a1913f8933d1613
fpb:6a253ec42103fb30,train,66,fpb:6a253ec42103fb30
fpb:6a282c91e9837ab0,test,75,fpb:6a282c91e9837ab0
fpb:6a2865c31ee47297,train,all,fpb:6a2865c31ee47297
fpb:6a2aee112392b296,train,all,fpb:6a2aee112392b296
fpb:6a33084514878c88,train,50,fpb:6a33084514878c88
fpb:6a3d2bff341f38c9,train,all,fpb:6a3d2bff341f38c9
fpb:6a49c86ed452bd36,train,all,fpb:6a49c86ed452bd36
fpb:6a59684f7be7869e,test,75,fpb:6a59684f7be7869e
fpb:6a5a7f6ece9cf218,dev,all,fpb:6a5a7f6ece9cf218
fpb:6a6013874c604c3e,train,50,fpb:6a6013874c604c3e
fpb:6a6935ec248d8f4c,train,66,fpb:6a6935ec248d8f4c
fpb:6a81ef5322411f07,train,75,fpb:6a81ef5322411f07
fpb:6a86211afccac3b0,train,50,fpb:6a86211afccac3b0
fpb:6a8b4f7e84e81e7f,train,75,fpb:6a8b4f7e84e81e7f
fpb:6aa929c986fea176,train,66,fpb:6aa929c986fea176
fpb:6aab311564d0c5d4,train,75,fpb:6aab311564d0c5d4
fpb:6ab2514bf358e5f9,train,50,fpb:6ab2514bf358e5f9
fpb:6ab5d217e39de4b5,dev,all,fpb:6ab5d217e39de4b5
fpb:6ac004ee1fdf6f9f,train,all,fpb:6ac004ee1fdf6f9f
fpb:6acc493015d9e4c7,train,66,fpb:6acc493015d9e4c7
fpb:6ad73ba0bc73cb3e,test,all,fpb:6ad73ba0bc73cb3e
fpb:6ae7cf0528c68140,dev,75,fpb:6ae7cf0528c68140
fpb:6aee9b6635bd87c9,train,all,fpb:6aee9b6635bd87c9
fpb:6afb04d3e8e66e8f,train,66,fpb:6afb04d3e8e66e8f
fpb:6b042eff1313dc2e,test,all,fpb:6b042eff1313dc2e
fpb:6b0cf3f9c6344147,train,50,fpb:6b0cf3f9c6344147
fpb:6b1ef341738e808e,train,all,fpb:6b1ef341738e808e
fpb:6b308f6c0cce4ec7,test,50,fpb:6b308f6c0cce4ec7
fpb:6b380ef3df363602,train,all,fpb:6b380ef3df363602
fpb:6b411d89bda8bea7,train,all,fpb:6b411d89bda8bea7
fpb:6b50a9d3ce9be440,train,75,fpb:6b50a9d3ce9be440
fpb:6b56f8897dcaebbc,test,75,fpb:6b56f8897dcaebbc
fpb:6b640acc98d7012e,test,75,fpb:6b640acc98d7012e
fpb:6b81b91063b06475,test,75,fpb:6b81b91063b06475
fpb:6b89b55a52128d02,train,all,fpb:6b89b55a52128d02
fpb:6b8dff74cafdcd2b,train,all,fpb:346f4fe74b22e118
fpb:6b90f8a1d24804db,test,75,fpb:6b90f8a1d24804db
fpb:6b95dfff9bf72d82,train,75,fpb:6b95dfff9bf72d82
fpb:6b978e3729d25cef,train,all,fpb:6b978e3729d25cef
fpb:6ba65c103b129345,train,all,fpb:6ba65c103b129345
fpb:6baefca50741b8f9,train,50,fpb:6baefca50741b8f9
fpb:6bb071bb25863687,train,all,fpb:6bb071bb25863687
fpb:6bb301a6133429ff,train,66,fpb:6bb301a6133429ff
fpb:6bcbd9921d1d8f35,train,75,fpb:6bcbd9921d1d8f35
fpb:6be61b019df91ed4,train,all,fpb:6be61b019df91ed4
fpb:6bee5f6ec7bc629e,train,75,fpb:6bee5f6ec7bc629e
fpb:6bf4c54ed86e23ae,train,all,fpb:6bf4c54ed86e23ae
fpb:6c00ba869a9e26e3,test,all,fpb:6c00ba869a9e26e3
fpb:6c0bb6eca975fc46,dev,66,fpb:6c0bb6eca975fc46
fpb:6c0d1918224766be,train,all,fpb:6c0d1918224766be
fpb:6c0ea978113eb13f,train,all,fpb:6c0ea978113eb13f
fpb:6c13c542f33a157d,train,all,fpb:6c13c542f33a157d
fpb:6c14063f32723096,train,all,fpb:6c14063f32723096
fpb:6c198c795187b831,train,all,fpb:6c198c795187b831
fpb:6c568e77cd0f8182,train,75,fpb:6c568e77cd0f8182
fpb:6c748a89d7ccc2a5,dev,66,fpb:6c748a89d7ccc2a5
fpb:6c79eb972f26245a,train,50,fpb:6c79eb972f26245a
fpb:6c8b77143ce69b92,train,50,fpb:6c8b77143ce69b92
fpb:6c8b96cb67fad59e,train,75,fpb:6c8b96cb67fad59e
fpb:6c984ea76b38ea45,test,75,fpb:6c984ea76b38ea45
fpb:6c9bc6623552452c,train,75,fpb:6c9bc6623552452c
fpb:6ca7913a9184a34e,dev,75,fpb:6ca7913a9184a34e
fpb:6cae727f635da59d,train,66,fpb:6cae727f635da59d
fpb:6cb19ff39cda836c,train,50,fpb:6cb19ff39cda836c
fpb:6cb4e3793dd5b89a,train,75,fpb:6cb4e3793dd5b89a
fpb:6cbc212febdd5aea,dev,all,fpb:6cbc212febdd5aea
fpb:6cd53ee9d854d1a0,train,75,fpb:6cd53ee9d854d1a0
fpb:6cefac826c2bf25b,test,all,fpb:6cefac826c2bf25b
fpb:6d1f819b1c83a2cf,train,all,fpb:6d1f819b1c83a2cf
fpb:6d28ff4e16e5bcbc,dev,all,fpb:6d28ff4e16e5bcbc
fpb:6d2aeb1e5c1350f1,dev,66,fpb:6d2aeb1e5c1350f1
fpb:6d41f1b994a678d9,train,75,fpb:6d41f1b994a678d9
fpb:6d5791357317aaa2,train,all,fpb:6d5791357317aaa2
fpb:6d7f630419593438,test,66,fpb:6d7f630419593438
fpb:6dad1a9b31eea4e2,test,all,fpb:6dad1a9b31eea4e2
fpb:6dd8896ad8069d4b,dev,50,fpb:6dd8896ad8069d4b
fpb:6de0f345adb7562f,train,50,fpb:6de0f345adb7562f
fpb:6de4127e49274d77,dev,all,fpb:6de4127e49274d77
fpb:6dfd05947c9dfd9e,train,66,fpb:6dfd05947c9dfd9e
fpb:6e046be94ad6c3e5,test,all,fpb:6e046be94ad6c3e5
fpb:6e0b7efa2cfb4c81,train,75,fpb:6e0b7efa2cfb4c81
fpb:6e14822d2584aebf,train,all,fpb:6e14822d2584aebf
fpb:6e25829a3588858d,train,75,fpb:6e25829a3588858d
fpb:6e476f0ccff893be,test,all,fpb:5c3b29b4043d651f
fpb:6e4a2f8a20028b30,train,all,fpb:6e4a2f8a20028b30
fpb:6e6379baf755f077,train,50,fpb:6e6379baf755f077
fpb:6e69ce28adfb000a,train,50,fpb:6e69ce28adfb000a
fpb:6e6a4340a9235139,train,all,fpb:6e6a4340a9235139
fpb:6e99d38f957ec2e2,train,50,fpb:058c37e563aa1c11
fpb:6eb28c7eeb38d66c,train,all,fpb:6eb28c7eeb38d66c
fpb:6eb61b34ff2f86b4,train,75,fpb:6eb61b34ff2f86b4
fpb:6eb65eaabaef029d,train,75,fpb:6eb65eaabaef029d
fpb:6ecb8fc1ae25ba3b,train,75,fpb:6ecb8fc1ae25ba3b
fpb:6edf7e7e3dc884a0,train,66,fpb:6edf7e7e3dc884a0
fpb:6efc3f18031c1d4f,test,all,fpb:6efc3f18031c1d4f
fpb:6f001c2c6aa7a748,dev,75,fpb:6f001c2c6aa7a748
fpb:6f1711130a46fe95,train,all,fpb:6f1711130a46fe95
fpb:6f34951d2f233963,train,75,fpb:6f34951d2f233963
fpb:6f38200eb2ec3b1b,train,75,fpb:6f38200eb2ec3b1b
fpb:6f4791949716281a,train,75,fpb:6f4791949716281a
fpb:6f537ae675e1de99,train,all,fpb:6f537ae675e1de99
fpb:6f569fea4e482954,train,all,fpb:6f569fea4e482954
fpb:6f64e78085461f9a,train,50,fpb:6f64e78085461f9a
fpb:6f6e7cfa2592fddd,train,75,fpb:6f6e7cfa2592fddd
fpb:6f8d5d0c06534005,train,all,fpb:6f8d5d0c06534005
fpb:6f9802962af340ee,train,66,fpb:6f9802962af340ee
fpb:6fa08fce0fe8f4d5,dev,all,fpb:6fa08fce0fe8f4d5
fpb:6fa59b987dcfb1e3,train,75,fpb:6fa59b987dcfb1e3
fpb:6fcdcb028062dd6b,test,75,fpb:6fcdcb028062dd6b
fpb:6fce5a1b44f6f893,train,66,fpb:6fce5a1b44f6f893
fpb:6fd2ef451d28ff96,train,75,fpb:6fd2ef451d28ff96
fpb:6fe51939f33d5592,train,50,fpb:6fe51939f33d5592
fpb:6fe56f61ed3fdd70,train,all,fpb:6fe56f61ed3fdd70
fpb:6ff6d40f6fd06c52,dev,all,fpb:6ff6d40f6fd06c52
fpb:6ff86ae8b9ee621a,train,75,fpb:6ff86ae8b9ee621a
fpb:6ffe67aa0d3edf8e,test,66,fpb:6ffe67aa0d3edf8e
fpb:7004ad26fa61e12f,train,75,fpb:7004ad26fa61e12f
fpb:703c807acd45c6e5,train,66,fpb:703c807acd45c6e5
fpb:703ff9293b61f1c6,test,75,fpb:703ff9293b61f1c6
fpb:7060f07970408f82,train,all,fpb:7060f07970408f82
fpb:70814f82999e5d08,train,66,fpb:70814f82999e5d08
fpb:70815f1f8bde3e62,train,all,fpb:70815f1f8bde3e62
fpb:7092ca7dd06b3526,test,75,fpb:7092ca7dd06b3526
fpb:70974c42dbd532eb,train,75,fpb:70974c42dbd532eb
fpb:70b566f27e6ffcc6,train,50,fpb:70b566f27e6ffcc6
fpb:70bae9d5bd0df201,train,all,fpb:70bae9d5bd0df201
fpb:70bf3865ed6e640c,train,all,fpb:70bf3865ed6e640c
fpb:70bfc7e21977702d,dev,75,fpb:70bfc7e21977702d
fpb:70c614ace5da8cbb,train,all,fpb:70c614ace5da8cbb
fpb:70d89ea7bc78c2f5,test,66,fpb:70d89ea7bc78c2f5
fpb:70d9e04d6bd935c5,train,all,fpb:70d9e04d6bd935c5
fpb:70ef776fc4c7964e,train,all,fpb:70ef776fc4c7964e
fpb:70f21431549f213c,train,50,fpb:70f21431549f213c
fpb:70fcdc72c4a1e87c,test,75,fpb:3e64041cd53edafb
fpb:710320273e601aaa,test,75,fpb:710320273e601aaa
fpb:712108db0d9ffe0e,train,all,fpb:712108db0d9ffe0e
fpb:712426179a4fee2d,train,all,fpb:712426179a4fee2d
fpb:713391b50c17b573,train,66,fpb:713391b50c17b573
fpb:71349ea579ca9cce,test,all,fpb:71349ea579ca9cce
fpb:717cbbf1112daefd,train,75,fpb:717cbbf1112daefd
fpb:71af95314515f713,train,all,fpb:71af95314515f713
fpb:71c11cc2d487d7a4,test,75,fpb:71c11cc2d487d7a4
fpb:71c44a8b7b9b0b35,dev,all,fpb:71c44a8b7b9b0b35
fpb:71c5a47c8d83481e,train,66,fpb:71c5a47c8d83481e
fpb:71e8c3280530edd8,train,all,fpb:71e8c3280530edd8
fpb:71eab869b97ff469,train,50,fpb:71eab869b97ff469
fpb:71f4e87625321bbe,train,all,fpb:71f4e87625321bbe
fpb:71fa410358ad7ca7,train,all,fpb:71fa410358ad7ca7
fpb:7214db6b71c31870,train,75,fpb:7214db6b71c31870
fpb:7218e32a8a831680,train,66,fpb:7218e32a8a831680
fpb:72294d5accc5e47b,train,all,fpb:72294d5accc5e47b
fpb:7237feb06fce3607,train,75,fpb:7237feb06fce3607
fpb:7240432fcc64bc62,train,75,fpb:7240432fcc64bc62
fpb:7251dc4aff88f149,train,75,fpb:058c37e563aa1c11
fpb:729c599c2e3dc4e2,train,all,fpb:2c0443b3923335ce
fpb:72bf45bf1854fbf2,train,all,fpb:72bf45bf1854fbf2
fpb:72e924e2dc33963d,dev,50,fpb:72e924e2dc33963d
fpb:73130852180a695e,train,all,fpb:73130852180a695e
fpb:731c4eed10fd6df1,train,75,fpb:731c4eed10fd6df1
fpb:7339e8708f0d337d,train,all,fpb:7339e8708f0d337d
fpb:734d90bf9d256b3b,dev,50,fpb:734d90bf9d256b3b
fpb:73624d07a1970bcc,test,75,fpb:73624d07a1970bcc
fpb:737949bccbbac478,train,75,fpb:737949bccbbac478
fpb:738c4eff8b4c77db,train,66,fpb:738c4eff8b4c77db
fpb:738cc8159b0f1569,test,all,fpb:738cc8159b0f1569
fpb:738d9c4c5a1af605,train,66,fpb:738d9c4c5a1af605
fpb:73909cb76d45e795,train,75,fpb:73909cb76d45e795
fpb:739d368c6db56832,test,75,fpb:739d368c6db56832
fpb:73ae8c9ad5f01ea5,train,66,fpb:73ae8c9ad5f01ea5
fpb:73c068a9a6b6879e,dev,75,fpb:73c068a9a6b6879e
fpb:73c39e5da21cfb11,train,50,fpb:73c39e5da21cfb11
fpb:73c571d7c6a3c325,test,50,fpb:73c571d7c6a3c325
fpb:73cfd4ba1d509053,train,all,fpb:73cfd4ba1d509053
fpb:73f6f5735b57dd36,test,all,fpb:73f6f5735b57dd36
fpb:7406536e0af3d88f,train,all,fpb:7406536e0af3d88f
fpb:74098db2b3b49c32,train,all,fpb:74098db2b3b49c32
fpb:740b1fccadc5dc25,train,all,fpb:740b1fccadc5dc25
fpb:7418f5e7ea1211a4,dev,all,fpb:7418f5e7ea1211a4
fpb:741ba181c87835c0,train,75,fpb:741ba181c87835c0
fpb:742a0bca39b13c4a,train,all,fpb:742a0bca39b13c4a
fpb:743249a86c1e967f,train,75,fpb:743249a86c1e967f
fpb:74665e03d4141764,train,50,fpb:74665e03d4141764
fpb:7469107d112c41ba,train,all,fpb:7469107d112c41ba
fpb:74734abe25963d2e,train,75,fpb:74734abe25963d2e
fpb:747955a15b29e382,train,all,fpb:747955a15b29e382
fpb:748b8d07c148e2d5,train,66,fpb:748b8d07c148e2d5
fpb:748c964cbffa6200,train,75,fpb:748c964cbffa6200
fpb:74ae02b80c51ff92,train,66,fpb:74ae02b80c51ff92
fpb:74d964eb4f9c6d55,train,50,fpb:74d964eb4f9c6d55
fpb:74f9e3b0ccd2be05,train,all,fpb:54bcba9a553f539e
fpb:750c5a592dbca5bf,test,all,fpb:750c5a592dbca5bf
fpb:75177bf83dc0b6a9,train,all,fpb:75177bf83dc0b6a9
fpb:751d70200fa8f8c0,train,75,fpb:751d70200fa8f8c0
fpb:7521394a6a8a7883,train,all,fpb:7521394a6a8a7883
fpb:752d5d56c2ee53c1,test,all,fpb:752d5d56c2ee53c1
fpb:755254fe00f1ac71,train,75,fpb:755254fe00f1ac71
fpb:7555d32962b7679e,train,all,fpb:7555d32962b7679e
fpb:75669dd140f78846,train,all,fpb:75669dd140f78846
fpb:756ac1fff1d9143d,dev,all,fpb:756ac1fff1d9143d
fpb:757c2fac2534cf9b,train,50,fpb:757c2fac2534cf9b
fpb:75994c376e3bc5d8,train,50,fpb:75994c376e3bc5d8
fpb:759a20465610dd1c,train,all,fpb:759a20465610dd1c
fpb:75b9c23d1498385f,train,all,fpb:75b9c23d1498385f
fpb:75bc89f1c4693982,dev,all,fpb:75bc89f1c4693982
fpb:75c14b0d1b289879,train,all,fpb:75c14b0d1b289879
fpb:75eccb03b00ae59a,train,all,fpb:75eccb03b00ae59a
fpb:75f934c176a80196,train,all,fpb:75f934c176a80196
fpb:75fe31737c6a4003,train,66,fpb:75fe31737c6a4003
fpb:7605e75b6a43bd2f,test,all,fpb:7605e75b6a43bd2f
fpb:76243ca1c20ae86e,train,all,fpb:76243ca1c20ae86e
fpb:76255edc17dd4ea1,dev,50,fpb:76255edc17dd4ea1
fpb:762db11a28dd39a9,test,75,fpb:762db11a28dd39a9
fpb:765ecd22c94f4aaf,test,all,fpb:765ecd22c94f4aaf
fpb:7668aadc0dfec63d,train,50,fpb:7668aadc0dfec63d
fpb:76766bcbf2c67db0,test,75,fpb:76766bcbf2c67db0
fpb:7690af05b9f58f59,test,all,fpb:7690af05b9f58f59
fpb:76a228dff511cca8,train,50,fpb:76a228dff511cca8
fpb:76a2d507b59a8552,train,all,fpb:76a2d507b59a8552
fpb:76a5672cccda5722,train,all,fpb:76a5672cccda5722
fpb:76abd4e94099a811,train,all,fpb:76abd4e94099a811
fpb:76b02be523aa8eb2,dev,50,fpb:76b02be523aa8eb2
fpb:76b5c87f2c7fb0b0,test,66,fpb:76b5c87f2c7fb0b0
fpb:76c642f7a472e720,train,75,fpb:76c642f7a472e720
fpb:76c8ef3141c54d0b,test,all,fpb:76c8ef3141c54d0b
fpb:76dc54a4b1d250f8,train,all,fpb:76dc54a4b1d250f8
fpb:76ebf65b33bfce3a,train,50,fpb:76ebf65b33bfce3a
fpb:76f859eacf80ec7c,dev,all,fpb:76f859eacf80ec7c
fpb:770b0f0a45779f1f,train,75,fpb:770b0f0a45779f1f
fpb:770df5538383e07c,test,all,fpb:770df5538383e07c
fpb:77146a06fd25a36a,train,all,fpb:77146a06fd25a36a
fpb:77181bdfc48c0ebf,test,all,fpb:77181bdfc48c0ebf
fpb:7733e829ce8e4c09,train,75,fpb:7733e829ce8e4c09
fpb:7737a5bfa0d12b00,train,all,fpb:7737a5bfa0d12b00
fpb:7739774564545cd3,train,75,fpb:7739774564545cd3
fpb:775f226829600ef9,train,all,fpb:775f226829600ef9
fpb:776a9c6cd2ad5dc9,test,all,fpb:776a9c6cd2ad5dc9
fpb:776c57d695b7ba30,train,75,fpb:776c57d695b7ba30
fpb:7774bdae2f53b258,train,all,fpb:7774bdae2f53b258
fpb:7784d74902c31924,train,75,fpb:7784d74902c31924
fpb:77bdf729ba0bf240,train,all,fpb:77bdf729ba0bf240
fpb:77c7d3bf97f8285f,train,66,fpb:77c7d3bf97f8285f
fpb:77d89e059c82061c,train,66,fpb:77d89e059c82061c
fpb:77dffe80a2af824b,train,all,fpb:77dffe80a2af824b
fpb:77e0595cec8a7b2c,test,all,fpb:77e0595cec8a7b2c
fpb:77f3258953e0e884,test,all,fpb:77f3258953e0e884
fpb:7800cdb036307ece,train,all,fpb:7800cdb036307ece
fpb:7801da9492b4b96b,train,66,fpb:7801da9492b4b96b
fpb:78076821dcf5f37a,test,75,fpb:78076821dcf5f37a
fpb:780cf53364bec1ce,test,all,fpb:780cf53364bec1ce
fpb:78156916fa59b76c,train,75,fpb:78156916fa59b76c
fpb:781d04d7d7ebbdec,dev,all,fpb:781d04d7d7ebbdec
fpb:781d549a946af888,train,75,fpb:781d549a946af888
fpb:781fd2573cce9279,test,75,fpb:781fd2573cce9279
fpb:7824ef4d237e4967,train,all,fpb:7824ef4d237e4967
fpb:7864ded46814d8a9,train,75,fpb:7864ded46814d8a9
fpb:786eeff568fa8b64,train,75,fpb:786eeff568fa8b64
fpb:78806afeeb558dd1,train,50,fpb:78806afeeb558dd1
fpb:78876431853c508e,train,75,fpb:78876431853c508e
fpb:789f1317ff9ff851,train,all,fpb:789f1317ff9ff851
fpb:78a05e61dc2d63ee,train,75,fpb:78a05e61dc2d63ee
fpb:78b564eac99f2ee2,train,75,fpb:78b564eac99f2ee2
fpb:78c8e397c19d6df1,train,all,fpb:78c8e397c19d6df1
fpb:78f90ea27c77dd2e,test,75,fpb:78f90ea27c77dd2e
fpb:790512623dbf6068,train,all,fpb:790512623dbf6068
fpb:79097f8c3833e8bf,train,all,fpb:79097f8c3833e8bf
fpb:790cdc10e8688591,test,all,fpb:790cdc10e8688591
fpb:791037c8a62d65a7,train,all,fpb:791037c8a62d65a7
fpb:7919afbbb3250c1d,train,66,fpb:7919afbbb3250c1d
fpb:7928a2f899c0365b,train,all,fpb:7928a2f899c0365b
fpb:792d61c1becb0495,train,75,fpb:792d61c1becb0495
fpb:7936930643526636,train,all,fpb:7936930643526636
fpb:795f1a11ed9e7196,train,50,fpb:795f1a11ed9e7196
fpb:7977ba8690985002,train,all,fpb:7977ba8690985002
fpb:79783bb65c9f6125,train,all,fpb:79783bb65c9f6125
fpb:7986aaf052c2087e,test,66,fpb:7986aaf052c2087e
fpb:7986cdb6e10f2e5e,train,75,fpb:7986cdb6e10f2e5e
fpb:798713fbb5c30f37,train,75,fpb:798713fbb5c30f37
fpb:798bdc2d8d8e6bd6,test,all,fpb:798bdc2d8d8e6bd6
fpb:79963cb4a85f9be8,train,all,fpb:79963cb4a85f9be8
fpb:79988a8ff3cd60d1,train,50,fpb:79988a8ff3cd60d1
fpb:79a2592df492d08b,train,all,fpb:79a2592df492d08b
fpb:79a4b602ef59b8ec,train,all,fpb:79a4b602ef59b8ec
fpb:79a8eecd34eee8b2,train,all,fpb:79a8eecd34eee8b2
fpb:79bb8eb0b9e930a5,train,66,fpb:79bb8eb0b9e930a5
fpb:79c61c32c53c281a,train,all,fpb:79c61c32c53c281a
fpb:79dbd9b3662471f6,train,all,fpb:79dbd9b3662471f6
fpb:79f232856c9cbb9b,train,75,fpb:79f232856c9cbb9b
fpb:7a2f7554524f6c1d,train,all,fpb:7a2f7554524f6c1d
fpb:7a35d73c9329ebce,train,75,fpb:7a35d73c9329ebce
fpb:7a374177aa086976,test,all,fpb:7a374177aa086976
fpb:7a4944d2e2caf489,train,50,fpb:7a4944d2e2caf489
fpb:7a4caf481d687fb4,test,75,fpb:1a1d58539ff70f6c
fpb:7a5ce801146155be,test,all,fpb:7a5ce801146155be
fpb:7a69fcbfcaa02f0a,train,50,fpb:7a69fcbfcaa02f0a
fpb:7a787f2475b3d232,train,75,fpb:7a787f2475b3d232
fpb:7a7b17b9d3a0a511,train,75,fpb:7a7b17b9d3a0a511
fpb:7a7d32e1190f9ef1,dev,all,fpb:7a7d32e1190f9ef1
fpb:7a81fd762bd38a6d,dev,all,fpb:7a81fd762bd38a6d
fpb:7a98b27a148723ae,test,66,fpb:7a98b27a148723ae
fpb:7a994c11422aedee,test,75,fpb:7a994c11422aedee
fpb:7aa219c455ff4136,train,66,fpb:7aa219c455ff4136
fpb:7aa617b20a6ed6db,train,66,fpb:7aa617b20a6ed6db
fpb:7ab31b2c3f52ff5c,train,all,fpb:7ab31b2c3f52ff5c
fpb:7abd46f429858045,train,66,fpb:7abd46f429858045
fpb:7ac96d6b00894302,train,all,fpb:7ac96d6b00894302
fpb:7acecff9edf6f195,train,66,fpb:7acecff9edf6f195
fpb:7af70f210d2b3ac9,train,75,fpb:7af70f210d2b3ac9
fpb:7af7e5d0059f73e4,train,75,fpb:7af7e5d0059f73e4
fpb:7b1b91afd8f1d0ca,train,all,fpb:7b1b91afd8f1d0ca
fpb:7b2644e60f4dac5a,train,75,fpb:7b2644e60f4dac5a
fpb:7b2838dc779eb82c,test,66,fpb:7b2838dc779eb82c
fpb:7b5a1a35f955f4dd,test,66,fpb:7b5a1a35f955f4dd
fpb:7b68ea68a603a791,dev,all,fpb:7b68ea68a603a791
fpb:7b7f6669aecc4af0,train,all,fpb:7b7f6669aecc4af0
fpb:7b828cc126bb952c,dev,all,fpb:7b828cc126bb952c
fpb:7bb3e7e8c9d372e2,train,66,fpb:7bb3e7e8c9d372e2
fpb:7bc0d71b5b76356d,train,all,fpb:7bc0d71b5b76356d
fpb:7bc2d9fcdabbd875,test,all,fpb:7bc2d9fcdabbd875
fpb:7bcd63bed38abaa1,train,66,fpb:7bcd63bed38abaa1
fpb:7bdbc61454a88088,test,66,fpb:7bdbc61454a88088
fpb:7bde9b8203bf2e4e,dev,all,fpb:7bde9b8203bf2e4e
fpb:7c062fc60ed9cd86,test,all,fpb:0f280483daab2c19
fpb:7c0ddf8dba5d80f2,dev,all,fpb:7c0ddf8dba5d80f2
fpb:7c210d45aee42ffb,train,all,fpb:7c210d45aee42ffb
fpb:7c259a6251241a7e,test,66,fpb:7c259a6251241a7e
fpb:7c296ce53d9bd513,train,75,fpb:7c296ce53d9bd513
fpb:7c3af2aebdb52d3d,dev,50,fpb:7c3af2aebdb52d3d
fpb:7c4fa140e0520616,test,all,fpb:7c4fa140e0520616
fpb:7c51989a21bdfcb3,train,50,fpb:4410eeaeb572ff2f
fpb:7c544b07030d7457,train,75,fpb:7c544b07030d7457
fpb:7c54db38fedbfc41,train,all,fpb:7c54db38fedbfc41
fpb:7c624ccf5113e539,dev,all,fpb:7c624ccf5113e539
fpb:7c6a621589b18763,train,50,fpb:7c6a621589b18763
fpb:7c6c3958bdddb07e,train,all,fpb:7c6c3958bdddb07e
fpb:7c7b1c1339823b32,train,75,fpb:7c7b1c1339823b32
fpb:7c88b20ac5df6efb,train,50,fpb:7c88b20ac5df6efb
fpb:7c9cd8edb9174636,dev,all,fpb:7c9cd8edb9174636
fpb:7ca06bbe880ea069,train,all,fpb:7ca06bbe880ea069
fpb:7ca2898c3d30f8b5,train,66,fpb:7ca2898c3d30f8b5
fpb:7cb8e2d97b0824e5,train,all,fpb:7cb8e2d97b0824e5
fpb:7cc24cb1463a38d2,train,all,fpb:7cc24cb1463a38d2
fpb:7cc433fa471026c0,train,all,fpb:7cc433fa471026c0
fpb:7ccba4a5eb44e6b2,dev,75,fpb:7ccba4a5eb44e6b2
fpb:7cd0e3df2ce3f177,train,all,fpb:7cd0e3df2ce3f177
fpb:7cd71a326a262dc5,test,75,fpb:7cd71a326a262dc5
fpb:7ce2d67aaf8baa72,train,75,fpb:7ce2d67aaf8baa72
fpb:7cec99cabcb804ba,train,all,fpb:7cec99cabcb804ba
fpb:7d0476f444b70650,train,all,fpb:7d0476f444b70650
fpb:7d0914cb56aae651,train,75,fpb:7d0914cb56aae651
fpb:7d1895dea535da2a,train,all,fpb:7d1895dea535da2a
fpb:7d1df47b8b45a56b,train,75,fpb:7d1df47b8b45a56b
fpb:7d24efb0ce8a4c27,dev,50,fpb:7d24efb0ce8a4c27
fpb:7d35bbab8c25994c,train,all,fpb:7d35bbab8c25994c
fpb:7d8c654124fcad12,train,66,fpb:7d8c654124fcad12
fpb:7d96e6b5c9e64c9e,test,66,fpb:7d96e6b5c9e64c9e
fpb:7da93c6e2dc8ab7e,train,50,fpb:7da93c6e2dc8ab7e
fpb:7daba65703935051,train,all,fpb:7daba65703935051
fpb:7dac9ca34ac6ac60,test,75,fpb:7dac9ca34ac6ac60
fpb:7dc0fe228bcd2890,test,all,fpb:7dc0fe228bcd2890
fpb:7dd3bf3c16753f6c,test,75,fpb:7dd3bf3c16753f6c
fpb:7de0b5adfec29b50,test,75,fpb:7de0b5adfec29b50
fpb:7dfd0b0bbd46da84,train,all,fpb:7dfd0b0bbd46da84
fpb:7e0217f8990ce8b0,train,50,fpb:7e0217f8990ce8b0
fpb:7e295f3a1a698dc9,dev,75,fpb:7e295f3a1a698dc9
fpb:7e29c0e638d5c6b2,train,75,fpb:7e29c0e638d5c6b2
fpb:7e35a0c76ef5e087,train,66,fpb:7e35a0c76ef5e087
fpb:7e40f2ad15f38123,train,all,fpb:7e40f2ad15f38123
fpb:7e41d9426bf839ce,train,all,fpb:7e41d9426bf839ce
fpb:7e455bccf4bf4690,train,75,fpb:058c37e563aa1c11
fpb:7e6776ba10af20d2,train,all,fpb:7e6776ba10af20d2
fpb:7e7b1d6971665444,train,all,fpb:7e7b1d6971665444
fpb:7e7ce2930637bae0,train,all,fpb:7e7ce2930637bae0
fpb:7e86328315a1c9fd,train,75,fpb:7e86328315a1c9fd
fpb:7ea556e439197c80,dev,all,fpb:7ea556e439197c80
fpb:7ed4b8cb0ce3225a,train,all,fpb:7ed4b8cb0ce3225a
fpb:7ed562507aab6ed0,train,75,fpb:7ed562507aab6ed0
fpb:7ee19984994760fd,test,50,fpb:7ee19984994760fd
fpb:7ee864afc8f7130f,test,75,fpb:7ee864afc8f7130f
fpb:7eecec31916d27cd,train,75,fpb:7eecec31916d27cd
fpb:7efadac4d99361a9,train,75,fpb:7efadac4d99361a9
fpb:7effad275b84c99f,test,75,fpb:7effad275b84c99f
fpb:7f113fd98437541b,train,50,fpb:7f113fd98437541b
fpb:7f1af0804134cfa8,test,75,fpb:7f1af0804134cfa8
fpb:7f273dcf986f82a2,test,all,fpb:7f273dcf986f82a2
fpb:7f2e5c79b38e92de,dev,all,fpb:7f2e5c79b38e92de
fpb:7f43d15d18c073c2,train,all,fpb:7f43d15d18c073c2
fpb:7f450c1713fe2209,train,all,fpb:7f450c1713fe2209
fpb:7f67f49a27108d46,train,75,fpb:7f67f49a27108d46
fpb:7f8fed86f8f09b35,dev,66,fpb:7f8fed86f8f09b35
fpb:7f9a7e31741cc53f,train,all,fpb:7f9a7e31741cc53f
fpb:7f9e07b5881b27d2,dev,all,fpb:7f9e07b5881b27d2
fpb:7fa89876982d5404,test,all,fpb:7fa89876982d5404
fpb:7faf5f26e9d13e8c,train,50,fpb:7faf5f26e9d13e8c
fpb:7fbcaf46b4fb1800,train,all,fpb:7fbcaf46b4fb1800
fpb:7fbec410aee8f1bf,test,50,fpb:7fbec410aee8f1bf
fpb:7fc94383778f430c,train,75,fpb:7fc94383778f430c
fpb:7fd05180ea7d2d81,train,75,fpb:7fd05180ea7d2d81
fpb:7fd464095d77b20e,train,75,fpb:7fd464095d77b20e
fpb:7fd532f0bd95d55b,train,75,fpb:7fd532f0bd95d55b
fpb:7fe1039e22c91938,train,66,fpb:7fe1039e22c91938
fpb:7fe1467bacd76903,test,all,fpb:7fe1467bacd76903
fpb:7ff1d6837f19ba9d,train,all,fpb:7ff1d6837f19ba9d
fpb:7ff8f4626756522b,train,75,fpb:7ff8f4626756522b
fpb:7ffb4e22d9304676,train,50,fpb:7ffb4e22d9304676
fpb:7fff3948fdb6a926,dev,50,fpb:7fff3948fdb6a926
fpb:80070b9bac4aad44,train,all,fpb:80070b9bac4aad44
fpb:800fe305fb3cfdef,train,all,fpb:800fe305fb3cfdef
fpb:80160339564ddb6e,test,all,fpb:80160339564ddb6e
fpb:80288fc1ee575659,test,75,fpb:80288fc1ee575659
fpb:8031a62129134d2d,train,all,fpb:8031a62129134d2d
fpb:8031ac12c0daa8c7,train,50,fpb:8031ac12c0daa8c7
fpb:803b6ba77a43d5e9,dev,all,fpb:803b6ba77a43d5e9
fpb:80490710940e0ec7,train,all,fpb:80490710940e0ec7
fpb:80519d45432ffccd,train,all,fpb:80519d45432ffccd
fpb:805e6657fe191ef9,train,all,fpb:805e6657fe191ef9
fpb:806b4ad5536117b5,train,all,fpb:806b4ad5536117b5
fpb:80711deee36dfa63,train,all,fpb:80711deee36dfa63
fpb:807aa24951d3ecae,train,all,fpb:807aa24951d3ecae
fpb:80aa3c5ff7bcaa96,train,all,fpb:80aa3c5ff7bcaa96
fpb:80ab43a5060b7a03,test,all,fpb:80ab43a5060b7a03
fpb:80b44103be071a21,train,66,fpb:80b44103be071a21
fpb:80bdd47d450c8dfc,dev,66,fpb:80bdd47d450c8dfc
fpb:80d6f2bf6f0ebbf3,test,all,fpb:80d6f2bf6f0ebbf3
fpb:80eb8434df0b95b8,train,66,fpb:80eb8434df0b95b8
fpb:80ee84fcb804123a,train,all,fpb:80ee84fcb804123a
fpb:80f93e14d9a291bb,test,all,fpb:80f93e14d9a291bb
fpb:80fe8cf177e197ec,train,all,fpb:80fe8cf177e197ec
fpb:8111a3d4804716f8,train,all,fpb:8111a3d4804716f8
fpb:811553a011642cff,test,66,fpb:811553a011642cff
fpb:81160ca13a0838b8,train,all,fpb:81160ca13a0838b8
fpb:81161be06617a591,train,75,fpb:81161be06617a591
fpb:813cdb7b67237c63,train,50,fpb:813cdb7b67237c63
fpb:8146d4945019ed0d,train,all,fpb:8146d4945019ed0d
fpb:814b8044b2a754dd,train,all,fpb:814b8044b2a754dd
fpb:814ea4d0cebdcfe6,train,50,fpb:814ea4d0cebdcfe6
fpb:815981318e09dbc6,train,75,fpb:815981318e09dbc6
fpb:817d5dfbd67409f8,train,all,fpb:817d5dfbd67409f8
fpb:8185a72eb5d50598,train,all,fpb:8185a72eb5d50598
fpb:81a3b4536188b94b,test,75,fpb:81a3b4536188b94b
fpb:81ae2797f047f064,train,75,fpb:81ae2797f047f064
fpb:81bb3ed86f0ac358,test,75,fpb:81bb3ed86f0ac358
fpb:81bc0b40c2fc854c,train,all,fpb:81bc0b40c2fc854c
fpb:81ca6521a75bc938,train,all,fpb:81ca6521a75bc938
fpb:81d7c5eb21d4c896,test,all,fpb:81d7c5eb21d4c896
fpb:81dd3ba9623b6140,train,all,fpb:81dd3ba9623b6140
fpb:81de6e74192b43f0,train,75,fpb:81de6e74192b43f0
fpb:820229d10a36c2b2,test,50,fpb:820229d10a36c2b2
fpb:8213d1ffc3f5da64,train,66,fpb:8213d1ffc3f5da64
fpb:82207cab5d709b1a,train,50,fpb:82207cab5d709b1a
fpb:8226573214dacca0,train,50,fpb:8226573214dacca0
fpb:82330c23eba8676f,train,50,fpb:82330c23eba8676f
fpb:8241ec1e3fa6aae1,train,all,fpb:8241ec1e3fa6aae1
fpb:82447b139538bcc9,train,66,fpb:82447b139538bcc9
fpb:8245d31c39d17991,dev,75,fpb:8245d31c39d17991
fpb:824d5d0e3e34bd0a,train,all,fpb:824d5d0e3e34bd0a
fpb:824e948f70d3e4ce,train,all,fpb:824e948f70d3e4ce
fpb:8260910a5615f009,train,all,fpb:8260910a5615f009
fpb:82759defa45d81e9,train,all,fpb:82759defa45d81e9
fpb:827c43dcb9b849ab,train,75,fpb:827c43dcb9b849ab
fpb:828ae765745d0fdc,dev,50,fpb:828ae765745d0fdc
fpb:82a1f1b2c60e6fe3,train,50,fpb:82a1f1b2c60e6fe3
fpb:82a3c2ef383ea9e9,train,66,fpb:82a3c2ef383ea9e9
fpb:82a6a5a41f96746b,dev,all,fpb:82a6a5a41f96746b
fpb:82b40a4fe6316158,train,all,fpb:82b40a4fe6316158
fpb:82c0a96b6d5a67e6,train,66,fpb:82c0a96b6d5a67e6
fpb:82e28f6c21f5844a,train,all,fpb:82e28f6c21f5844a
fpb:82e79d16caa26845,test,75,fpb:82e79d16caa26845
fpb:82f7429a370a1de4,train,all,fpb:82f7429a370a1de4
fpb:82f7b93fba8f6bbc,train,all,fpb:82f7b93fba8f6bbc
fpb:83025f782e397276,train,all,fpb:83025f782e397276
fpb:83043f17a4160a84,train,75,fpb:83043f17a4160a84
fpb:830a8987fe7ed5cf,dev,all,fpb:830a8987fe7ed5cf
fpb:830c85bdb976d3ec,train,66,fpb:830c85bdb976d3ec
fpb:8316d50e53fdc6b9,dev,all,fpb:8316d50e53fdc6b9
fpb:8358a0e76723bb51,train,all,fpb:8358a0e76723bb51
fpb:8358bbbec1d819c3,train,66,fpb:8358bbbec1d819c3
fpb:835d82e272bcd2fc,train,75,fpb:835d82e272bcd2fc
fpb:836d0de982139bda,train,75,fpb:836d0de982139bda
fpb:837651f25ff2bfd9,train,all,fpb:837651f25ff2bfd9
fpb:8397e20c8d86e6a1,test,all,fpb:8397e20c8d86e6a1
fpb:83a97f2fc5fe637d,train,50,fpb:83a97f2fc5fe637d
fpb:83ab01ea13f6804f,train,all,fpb:83ab01ea13f6804f
fpb:83b3a36825193d92,train,75,fpb:83b3a36825193d92
fpb:83bbd45020e40cef,test,75,fpb:83bbd45020e40cef
fpb:83bfecfb77364f94,test,50,fpb:83bfecfb77364f94
fpb:83c7909b8c79fc25,test,all,fpb:83c7909b8c79fc25
fpb:83e9819db32945ec,train,all,fpb:83e9819db32945ec
fpb:8401bba62ea7e835,train,all,fpb:8401bba62ea7e835
fpb:84084499af27df38,test,all,fpb:84084499af27df38
fpb:844b38bc281a83f4,train,75,fpb:7d8c654124fcad12
fpb:8452580adea4e537,train,all,fpb:8452580adea4e537
fpb:84551e59b642152f,train,all,fpb:84551e59b642152f
fpb:845a905ec7a2796b,train,all,fpb:845a905ec7a2796b
fpb:846c0191212b4961,test,75,fpb:846c0191212b4961
fpb:846c22e03849b5e7,test,all,fpb:846c22e03849b5e7
fpb:847a651a99b9aa37,test,all,fpb:847a651a99b9aa37
fpb:848a169843b28dd9,test,all,fpb:848a169843b28dd9
fpb:848b3ab19f795749,test,75,fpb:848b3ab19f795749
fpb:848ed037d3ca120c,train,all,fpb:848ed037d3ca120c
fpb:849d6a787d514c3f,train,75,fpb:849d6a787d514c3f
fpb:84c2c3171de14997,test,66,fpb:84c2c3171de14997
fpb:84daa3d30a0ca405,train,75,fpb:84daa3d30a0ca405
fpb:84e7ee49b0c2e752,train,all,fpb:84e7ee49b0c2e752
fpb:84f401d5d3ba6aea,train,75,fpb:84f401d5d3ba6aea
fpb:84f47a4d091eee70,train,all,fpb:84f47a4d091eee70
fpb:84f8e8879def9679,train,75,fpb:84f8e8879def9679
fpb:85158cf6f29d2903,test,50,fpb:85158cf6f29d2903
fpb:8521e6f1765bb080,train,all,fpb:8521e6f1765bb080
fpb:85287f1fc32a3696,test,50,fpb:85287f1fc32a3696
fpb:853676f9fd41d874,train,75,fpb:853676f9fd41d874
fpb:853968b9e7c52cb5,dev,all,fpb:853968b9e7c52cb5
fpb:853aef66050047a6,train,75,fpb:853aef66050047a6
fpb:85413290d8484e54,train,75,fpb:85413290d8484e54
fpb:8545411fd1a565e4,train,75,fpb:8545411fd1a565e4
fpb:8552abddd782daae,dev,all,fpb:8552abddd782daae
fpb:8568fb5a6fe67824,train,75,fpb:8568fb5a6fe67824
fpb:8569dec02ceee229,train,all,fpb:8569dec02ceee229
fpb:857165ec0b574c3a,dev,75,fpb:857165ec0b574c3a
fpb:85740ca7bf15c7e2,train,50,fpb:85740ca7bf15c7e2
fpb:85746e531469956d,train,75,fpb:85746e531469956d
fpb:857e2803a60630b7,train,75,fpb:857e2803a60630b7
fpb:85950cf433520d34,train,all,fpb:85950cf433520d34
fpb:85a04015c7e3408c,train,all,fpb:85a04015c7e3408c
fpb:85a70ce21079fd33,train,all,fpb:85a70ce21079fd33
fpb:85a836de10201214,dev,all,fpb:85a836de10201214
fpb:85b54a9432dc49b7,train,75,fpb:85b54a9432dc49b7
fpb:85bb120bb265d1fa,train,75,fpb:85bb120bb265d1fa
fpb:85bd9f0ec9e3fe4e,train,50,fpb:85bd9f0ec9e3fe4e
fpb:85c3283781b15a05,test,all,fpb:85c3283781b15a05
fpb:85c8073717cd7867,train,66,fpb:85c8073717cd7867
fpb:85d823ddf2c0a4b7,train,all,fpb:85d823ddf2c0a4b7
fpb:85e403e7cb49348b,train,all,fpb:85e403e7cb49348b
fpb:86108977fa876eec,train,75,fpb:86108977fa876eec
fpb:861766aba1b7362c,train,75,fpb:861766aba1b7362c
fpb:861f6d6c5ed38556,train,75,fpb:861f6d6c5ed38556
fpb:8631ac472b841f7a,dev,all,fpb:8631ac472b841f7a
fpb:8638ebc91db54fa1,test,75,fpb:8638ebc91db54fa1
fpb:8640348000c8690f,train,all,fpb:8640348000c8690f
fpb:8640bfa66d12988d,train,75,fpb:8640bfa66d12988d
fpb:86435bc0acce5bbb,train,75,fpb:86435bc0acce5bbb
fpb:86552066522d4a6d,train,all,fpb:86552066522d4a6d
fpb:865634f5ae234cbb,train,all,fpb:865634f5ae234cbb
fpb:8658bae8b79dd8d5,dev,66,fpb:8658bae8b79dd8d5
fpb:86661368794eee19,train,75,fpb:86661368794eee19
fpb:866787e4b514dec8,train,75,fpb:866787e4b514dec8
fpb:867a8bc37b8abea6,train,50,fpb:867a8bc37b8abea6
fpb:8685fe945ec61b30,train,all,fpb:8685fe945ec61b30
fpb:86aa3b7afe160aac,test,75,fpb:177225fd94f63699
fpb:86c556dc29058cfb,train,all,fpb:86c556dc29058cfb
fpb:86c8fcb3bbcede86,dev,75,fpb:86c8fcb3bbcede86
fpb:86c98d9cfcf3916f,test,all,fpb:86c98d9cfcf3916f
fpb:86cc63809b76bfe4,train,all,fpb:86cc63809b76bfe4
fpb:86dbee115dfa362d,dev,all,fpb:86dbee115dfa362d
fpb:86e5f55010d2234d,train,all,fpb:86e5f55010d2234d
fpb:86f1f66070a228ff,train,all,fpb:86f1f66070a228ff
fpb:87084b109ba5fee6,train,all,fpb:87084b109ba5fee6
fpb:8708f28043b0c56e,train,all,fpb:8708f28043b0c56e
fpb:87141303cd31e73b,test,all,fpb:87141303cd31e73b
fpb:871ff121146d681a,test,all,fpb:871ff121146d681a
fpb:87287cd19f6f2677,train,all,fpb:87287cd19f6f2677
fpb:8728911cec5879b4,train,all,fpb:8728911cec5879b4
fpb:872cff2b5d44ac2b,test,75,fpb:872cff2b5d44ac2b
fpb:8761b14dcdb2206a,dev,all,fpb:8761b14dcdb2206a
fpb:87636347448d4d2c,train,75,fpb:87636347448d4d2c
fpb:876833a47c3e7a91,train,all,fpb:876833a47c3e7a91
fpb:876984841c373c6f,train,all,fpb:876984841c373c6f
fpb:876ec23ab146d473,test,66,fpb:876ec23ab146d473
fpb:8779c6017b79b9ac,test,66,fpb:8779c6017b79b9ac
fpb:8782cfab1232181b,train,75,fpb:8782cfab1232181b
fpb:8784341dd5b120b9,dev,all,fpb:8784341dd5b120b9
fpb:87867c4770d3e339,test,all,fpb:87867c4770d3e339
fpb:87a081af9f5cc0f4,test,75,fpb:87a081af9f5cc0f4
fpb:87a0bc087f7962b9,train,75,fpb:87a0bc087f7962b9
fpb:87ad4c4db7307ac6,train,75,fpb:87ad4c4db7307ac6
fpb:87af52bf0c57e81b,train,all,fpb:87af52bf0c57e81b
fpb:87c4df5d23c569cc,train,all,fpb:87c4df5d23c569cc
fpb:87cd805302541b89,test,all,fpb:87cd805302541b89
fpb:88105ee07994eac7,dev,50,fpb:88105ee07994eac7
fpb:8812d2bad1b72ac4,train,75,fpb:8812d2bad1b72ac4
fpb:881ec6dbf87ebad1,train,all,fpb:881ec6dbf87ebad1
fpb:882ed200aa2b1d18,train,all,fpb:882ed200aa2b1d18
fpb:883d8446aef011c6,test,75,fpb:883d8446aef011c6
fpb:883ecde7142ae794,test,75,fpb:883ecde7142ae794
fpb:883fb50b0a56496d,train,50,fpb:883fb50b0a56496d
fpb:8846ea79d6693209,train,50,fpb:8846ea79d6693209
fpb:88582db279f147de,train,all,fpb:88582db279f147de
fpb:8878bd4242e33c7c,train,50,fpb:8878bd4242e33c7c
fpb:888adfbaf6fb9672,train,all,fpb:888adfbaf6fb9672
fpb:88914b6963ba0567,train,75,fpb:88914b6963ba0567
fpb:889586750f77d4b5,train,all,fpb:889586750f77d4b5
fpb:8898d321bd950375,train,75,fpb:8898d321bd950375
fpb:88b1f1ddf7271307,test,66,fpb:88b1f1ddf7271307
fpb:88c92a0fa1fa43cb,train,all,fpb:88c92a0fa1fa43cb
fpb:88e2435fe37e3f31,train,50,fpb:88e2435fe37e3f31
fpb:88ee8cfda8d68a33,train,75,fpb:88ee8cfda8d68a33
fpb:88f84100f7dfc806,train,75,fpb:88f84100f7dfc806
fpb:8903eb9cea2497ef,train,all,fpb:8903eb9cea2497ef
fpb:8905f014c3ea0fb7,train,66,fpb:8905f014c3ea0fb7
fpb:89124a687a26b8f9,train,75,fpb:89124a687a26b8f9
fpb:894cdd635b569b4f,train,75,fpb:894cdd635b569b4f
fpb:8950becb14e7ef10,train,all,fpb:8950becb14e7ef10
fpb:8952b4298f8a108b,train,all,fpb:0826f9a8be0c1dd0
fpb:897c893fadc859e9,train,all,fpb:897c893fadc859e9
fpb:89812027792f33d5,train,50,fpb:89812027792f33d5
fpb:8982f27fd31314d8,train,all,fpb:8982f27fd31314d8
fpb:8989c79dd9fd1d52,train,66,fpb:8989c79dd9fd1d52
fpb:899cc6288403e62f,dev,66,fpb:899cc6288403e62f
fpb:89a65384f2b0a54b,test,all,fpb:89a65384f2b0a54b
fpb:89ab040a2010e6cb,train,66,fpb:89ab040a2010e6cb
fpb:89b037380e2893df,train,75,fpb:89b037380e2893df
fpb:89b1cb134c324d5c,train,all,fpb:89b1cb134c324d5c
fpb:89bb78e1d40d44d4,train,all,fpb:89bb78e1d40d44d4
fpb:89bbe7b4e8cf2c2f,test,all,fpb:89bbe7b4e8cf2c2f
fpb:89bdf1f7e786630b,test,75,fpb:89bdf1f7e786630b
fpb:89d21facadb79f6f,test,75,fpb:89d21facadb79f6f
fpb:89d77a53ac89ec1d,test,75,fpb:89d77a53ac89ec1d
fpb:89e06fec7710273a,test,66,fpb:89e06fec7710273a
fpb:89e247ddf79045a3,train,all,fpb:89e247ddf79045a3
fpb:89f8ed0bc8a5523b,train,all,fpb:89f8ed0bc8a5523b
fpb:89f9ca6686d9a868,train,50,fpb:89f9ca6686d9a868
fpb:8a04be088b03353a,train,66,fpb:8a04be088b03353a
fpb:8a5d751c51856c06,train,75,fpb:8a5d751c51856c06
fpb:8a6383f569e50f45,train,66,fpb:8a6383f569e50f45
fpb:8a67dda4d5077568,train,75,fpb:8a67dda4d5077568
fpb:8a6b8e24829f11eb,dev,all,fpb:8a6b8e24829f11eb
fpb:8a73e01c4686c2de,train,all,fpb:8a73e01c4686c2de
fpb:8a7aba5f5f0d973f,train,all,fpb:8a7aba5f5f0d973f
fpb:8a809b2b1f23898a,train,66,fpb:8a809b2b1f23898a
fpb:8a896941d9de527e,train,66,fpb:8a896941d9de527e
fpb:8a8b1fff82188306,test,66,fpb:8a8b1fff82188306
fpb:8a918d5d6913b86a,train,all,fpb:8a918d5d6913b86a
fpb:8aa62f460c443178,test,all,fpb:8aa62f460c443178
fpb:8aac3fc164d7b503,train,75,fpb:8aac3fc164d7b503
fpb:8ab0c5a2ccf4d472,train,75,fpb:8ab0c5a2ccf4d472
fpb:8ab11f96a31abb9b,test,75,fpb:8ab11f96a31abb9b
fpb:8ad3d7c7e6e6ca6c,train,66,fpb:8ad3d7c7e6e6ca6c
fpb:8afa2bd3c0b4cd8d,train,all,fpb:8afa2bd3c0b4cd8d
fpb:8b0748bd14a6b912,test,all,fpb:8b0748bd14a6b912
fpb:8b15681e202cb221,train,75,fpb:8b15681e202cb221
fpb:8b24f3cf13224c28,train,75,fpb:8b24f3cf13224c28
fpb:8b3be91faca0f43d,train,all,fpb:8b3be91faca0f43d
fpb:8b3cb205c5bd9b29,dev,all,fpb:8b3cb205c5bd9b29
fpb:8b404526cbc37d70,train,all,fpb:8b404526cbc37d70
fpb:8b4343555bd6af71,train,50,fpb:8b4343555bd6af71
fpb:8b49ef1a0a3533fb,dev,all,fpb:8b49ef1a0a3533fb
fpb:8b6d31be9af0cb34,train,50,fpb:8b6d31be9af0cb34
fpb:8b7012ea06dc6948,train,75,fpb:8b7012ea06dc6948
fpb:8b80b588aab56488,train,50,fpb:8b80b588aab56488
fpb:8ba91229ae3834b6,train,all,fpb:8ba91229ae3834b6
fpb:8bb6d9e8cc002a0d,dev,75,fpb:8bb6d9e8cc002a0d
fpb:8bc42f818189b8e2,train,75,fpb:8bc42f818189b8e2
fpb:8bd098e985793f1f,train,all,fpb:8bd098e985793f1f
fpb:8bd7448feedf36f5,train,all,fpb:8bd7448feedf36f5
fpb:8bda5cbe3ca6ba53,dev,50,fpb:8bda5cbe3ca6ba53
fpb:8c10e6e34463473e,train,75,fpb:8c10e6e34463473e
fpb:8c15c5e7d525cd90,dev,all,fpb:8c15c5e7d525cd90
fpb:8c1b53e12180d0c4,train,50,fpb:8c1b53e12180d0c4
fpb:8c324060a1c24d02,test,all,fpb:8c324060a1c24d02
fpb:8c3db622f53bd544,test,all,fpb:8c3db622f53bd544
fpb:8c46a18d8274ac83,train,all,fpb:8c46a18d8274ac83
fpb:8c565fbe38416873,train,75,fpb:8c565fbe38416873
fpb:8c619611d8590cbe,dev,all,fpb:8c619611d8590cbe
fpb:8c741537fda0d910,train,50,fpb:8c741537fda0d910
fpb:8c7d966a3b1c7dd7,train,all,fpb:8c7d966a3b1c7dd7
fpb:8c8b6a981df63ad6,test,all,fpb:8c8b6a981df63ad6
fpb:8c8e6dc9a6f36fed,test,66,fpb:8c8e6dc9a6f36fed
fpb:8c942c70d4a767dd,train,all,fpb:8c942c70d4a767dd
fpb:8c9aae9bae344d5f,train,all,fpb:8c9aae9bae344d5f
fpb:8ca613e7a1d113a2,train,66,fpb:8ca613e7a1d113a2
fpb:8cd0b61ba875f835,train,all,fpb:8cd0b61ba875f835
fpb:8cd76af333ff0f4d,train,75,fpb:8cd76af333ff0f4d
fpb:8cd8a5f0d139fc98,train,75,fpb:8cd8a5f0d139fc98
fpb:8cdf36084c085616,test,all,fpb:8cdf36084c085616
fpb:8ce32610a77089e0,train,all,fpb:8ce32610a77089e0
fpb:8d12260c9253edc2,train,50,fpb:8d12260c9253edc2
fpb:8d16a3d6b8ae0b1b,train,all,fpb:8d16a3d6b8ae0b1b
fpb:8d2339ad75812763,train,75,fpb:8d2339ad75812763
fpb:8d34a76277cf7bb8,train,66,fpb:8d34a76277cf7bb8
fpb:8d443340909a4519,train,66,fpb:8d443340909a4519
fpb:8d48eec405116c76,train,50,fpb:8d48eec405116c76
fpb:8d4fbf921e61841a,test,75,fpb:8d4fbf921e61841a
fpb:8d6198f7805b79fa,train,75,fpb:8d6198f7805b79fa
fpb:8d687289d4b1582b,train,75,fpb:8d687289d4b1582b
fpb:8d6d6e1eb4aa4c78,train,all,fpb:8d6d6e1eb4aa4c78
fpb:8d7aad568d7337ff,train,66,fpb:8d7aad568d7337ff
fpb:8d7eb082ff192d77,train,75,fpb:8d7eb082ff192d77
fpb:8d986b2b4a218fbc,train,50,fpb:8d986b2b4a218fbc
fpb:8d9d525f07580c3a,train,all,fpb:8d9d525f07580c3a
fpb:8dbf33a98b4bcd2d,train,all,fpb:8dbf33a98b4bcd2d
fpb:8dc30202bd67d96a,train,50,fpb:8dc30202bd67d96a
fpb:8dc3455fa06ec884,train,66,fpb:8dc3455fa06ec884
fpb:8dd51b3d699581e2,train,all,fpb:54bcba9a553f539e
fpb:8dd87f26c662153e,test,all,fpb:8dd87f26c662153e
fpb:8de5f3695e6b3bbc,test,all,fpb:8de5f3695e6b3bbc
fpb:8dfa8d7202cfbf11,test,all,fpb:8dfa8d7202cfbf11
fpb:8e00f8efc0d0c837,train,all,fpb:8e00f8efc0d0c837
fpb:8e058b8c044983d7,train,all,fpb:8e058b8c044983d7
fpb:8e0d60723ea8dfb5,train,75,fpb:8e0d60723ea8dfb5
fpb:8e2dfafef4616b9f,train,75,fpb:8e2dfafef4616b9f
fpb:8e2e554347c90e6e,test,66,fpb:8e2e554347c90e6e
fpb:8e451e0c68bfb6ca,test,66,fpb:8e451e0c68bfb6ca
fpb:8e75ae193c2f6878,dev,75,fpb:8e75ae193c2f6878
fpb:8eac7c9fbaa00cbb,test,all,fpb:8eac7c9fbaa00cbb
fpb:8eaf1716bc1300d5,train,all,fpb:8eaf1716bc1300d5
fpb:8eb049a8e37cac60,train,75,fpb:8eb049a8e37cac60
fpb:8eb2c2cecdbf5898,dev,all,fpb:8eb2c2cecdbf5898
fpb:8eb58b25ac8515d5,test,75,fpb:8eb58b25ac8515d5
fpb:8ec6964c9d15e7ff,dev,66,fpb:8ec6964c9d15e7ff
fpb:8ec9959f11ebd380,train,75,fpb:8ec9959f11ebd380
fpb:8eca01e6a5bc2876,train,66,fpb:8eca01e6a5bc2876
fpb:8ee3b2b28d15c558,train,all,fpb:8ee3b2b28d15c558
fpb:8effc11b599ace44,train,all,fpb:8effc11b599ace44
fpb:8f00e43d26081610,train,all,fpb:8f00e43d26081610
fpb:8f12e9d379a850dc,train,all,fpb:8f12e9d379a850dc
fpb:8f1b1c73b5090a67,train,all,fpb:8f1b1c73b5090a67
fpb:8f22e073adcb79e7,test,75,fpb:8f22e073adcb79e7
fpb:8f32bcf26a8846b4,dev,all,fpb:8f32bcf26a8846b4
fpb:8f3f791b46abe842,dev,66,fpb:8f3f791b46abe842
fpb:8f51343b4e90f98c,train,all,fpb:8f51343b4e90f98c
fpb:8f55193028e4eac9,train,all,fpb:8f55193028e4eac9
fpb:8f71bb2524bb2a78,train,50,fpb:8f71bb2524bb2a78
fpb:8f71e654576a7ef9,dev,75,fpb:8f71e654576a7ef9
fpb:8f90298c54c2e0f6,test,66,fpb:8f90298c54c2e0f6
fpb:8f95e44162de96b5,train,75,fpb:8f95e44162de96b5
fpb:8f9e17ceffcc99c1,test,75,fpb:8f9e17ceffcc99c1
fpb:8f9f62366bde69a2,train,all,fpb:8f9f62366bde69a2
fpb:8f9fc4637f2722d7,test,all,fpb:8f9fc4637f2722d7
fpb:8fa2495f813159e4,train,75,fpb:8fa2495f813159e4
fpb:8fa2827c2d67838c,dev,50,fpb:8fa2827c2d67838c
fpb:8fab2d7076a7ceb9,train,66,fpb:8fab2d7076a7ceb9
fpb:8fde94d63fccb633,test,66,fpb:8fde94d63fccb633
fpb:8fe081040223ca14,train,all,fpb:8fe081040223ca14
fpb:9006a629827eceb6,dev,all,fpb:9006a629827eceb6
fpb:90205803c1ccf9dc,train,all,fpb:90205803c1ccf9dc
fpb:90280565b2740868,dev,all,fpb:90280565b2740868
fpb:903a420316821576,train,all,fpb:903a420316821576
fpb:90475565cd01a6ea,train,all,fpb:90475565cd01a6ea
fpb:904b36d98129ae94,dev,75,fpb:904b36d98129ae94
fpb:904e3d15159321b3,dev,50,fpb:904e3d15159321b3
fpb:9057d4c529cd7ae2,train,75,fpb:9057d4c529cd7ae2
fpb:906d338fbdbf0958,train,all,fpb:906d338fbdbf0958
fpb:907c61cd4cab7d0c,train,66,fpb:907c61cd4cab7d0c
fpb:90a1e99a5506628e,train,all,fpb:90a1e99a5506628e
fpb:90a905518339213a,dev,all,fpb:90a905518339213a
fpb:90b3ba2091c3805d,train,66,fpb:90b3ba2091c3805d
fpb:90ba485ab98495d7,train,75,fpb:90ba485ab98495d7
fpb:90bd975cb1979379,train,all,fpb:90bd975cb1979379
fpb:90ebff484e5e4cd4,test,75,fpb:90ebff484e5e4cd4
fpb:90ef34d5ab38c1de,train,all,fpb:90ef34d5ab38c1de
fpb:90f8106dceebda61,train,66,fpb:90f8106dceebda61
fpb:90fc7ddd237da891,test,all,fpb:90fc7ddd237da891
fpb:9107e8d498ca0fab,test,75,fpb:9107e8d498ca0fab
fpb:910a608f95cee824,train,all,fpb:910a608f95cee824
fpb:910f76d9685107da,train,75,fpb:910f76d9685107da
fpb:911f1e08ec57b7aa,train,66,fpb:911f1e08ec57b7aa
fpb:9120407509d5f989,dev,75,fpb:9120407509d5f989
fpb:9123b05a22d83e6b,train,75,fpb:9123b05a22d83e6b
fpb:91329725be8dd098,dev,all,fpb:91329725be8dd098
fpb:913a2b95e6413f13,test,75,fpb:913a2b95e6413f13
fpb:9141b630e862f651,train,75,fpb:9141b630e862f651
fpb:9149c6d421b2451f,test,66,fpb:9149c6d421b2451f
fpb:916eed3049718050,train,all,fpb:916eed3049718050
fpb:917561067e319a21,train,75,fpb:917561067e319a21
fpb:91946f36f927bb47,train,66,fpb:91946f36f927bb47
fpb:919796f4a71c46de,train,75,fpb:919796f4a71c46de
fpb:919e4db597881a1e,test,all,fpb:919e4db597881a1e
fpb:919f37462276b8c4,train,75,fpb:919f37462276b8c4
fpb:91a1977e20bd1ad4,train,all,fpb:91a1977e20bd1ad4
fpb:91a4fd9b8e8bef9d,train,all,fpb:91a4fd9b8e8bef9d
fpb:91c7809f0e3e7d97,train,all,fpb:91c7809f0e3e7d97
fpb:91d24e669bd95897,train,66,fpb:91d24e669bd95897
fpb:91eca8872ad006bf,train,all,fpb:91eca8872ad006bf
fpb:91f83ea2ed604c8e,test,66,fpb:91f83ea2ed604c8e
fpb:91f86b486ca2e6f5,train,50,fpb:91f86b486ca2e6f5
fpb:920003487db03388,train,all,fpb:920003487db03388
fpb:9202ba52469736a5,test,all,fpb:9202ba52469736a5
fpb:920a52ef90de07f0,train,all,fpb:920a52ef90de07f0
fpb:92172eb3513db517,train,all,fpb:92172eb3513db517
fpb:9219f6fed56a8b94,train,all,fpb:9219f6fed56a8b94
fpb:922a2787d20a6d8b,test,75,fpb:922a2787d20a6d8b
fpb:922d51ffa5087ec2,dev,75,fpb:922d51ffa5087ec2
fpb:92482a56dbaef985,train,66,fpb:92482a56dbaef985
fpb:924c2b05c76f7666,train,75,fpb:924c2b05c76f7666
fpb:925a2c1ad4f3f5b5,dev,75,fpb:925a2c1ad4f3f5b5
fpb:925f0bad1448c52a,train,all,fpb:925f0bad1448c52a
fpb:926c869170ea4523,test,75,fpb:926c869170ea4523
fpb:928070226ed2355e,train,66,fpb:928070226ed2355e
fpb:92843b3c2c2842e7,train,66,fpb:92843b3c2c2842e7
fpb:92868aaa4bc11985,test,all,fpb:92868aaa4bc11985
fpb:928d16057db3cd02,train,all,fpb:928d16057db3cd02
fpb:92951109d839f527,train,66,fpb:92951109d839f527
fpb:929bfd2f267c3dc8,dev,75,fpb:929bfd2f267c3dc8
fpb:92a1dde05f9251a6,train,75,fpb:92a1dde05f9251a6
fpb:92addcffa536cf5a,train,75,fpb:92addcffa536cf5a
fpb:92b2731a08d081ef,train,66,fpb:92b2731a08d081ef
fpb:92b34fc55350789e,train,66,fpb:92b34fc55350789e
fpb:92ba6e505425d103,train,50,fpb:92ba6e505425d103
fpb:92d6ee1363f51b8d,train,75,fpb:92d6ee1363f51b8d
fpb:92dab1d935bb20fe,test,all,fpb:92dab1d935bb20fe
fpb:92de957c5e239a12,train,66,fpb:92de957c5e239a12
fpb:92df2a7a1bab86e7,train,75,fpb:92df2a7a1bab86e7
fpb:92e97ba54560c74f,dev,75,fpb:92e97ba54560c74f
fpb:92f37baf0c548e64,dev,all,fpb:92f37baf0c548e64
fpb:92fcab93cf2bc50f,dev,all,fpb:92fcab93cf2bc50f
fpb:92ff77b9a8f49230,train,all,fpb:92ff77b9a8f49230
fpb:930ce565d1220c25,train,all,fpb:930ce565d1220c25
fpb:9311c9b4713c24ac,train,all,fpb:9311c9b4713c24ac
fpb:9314a44934f0ec49,train,66,fpb:9314a44934f0ec49
fpb:93183af4ec5205c1,train,all,fpb:93183af4ec5205c1
fpb:934c4345d870900a,train,all,fpb:934c4345d870900a
fpb:9364202b93fb4d47,train,75,fpb:9364202b93fb4d47
fpb:936d7d75d1a69749,train,66,fpb:936d7d75d1a69749
fpb:936eeb4e865db83c,dev,66,fpb:936eeb4e865db83c
fpb:9378d55277ac02db,train,75,fpb:9378d55277ac02db
fpb:937ad4ced1b917b9,train,66,fpb:937ad4ced1b917b9
fpb:937b406591750b3b,train,75,fpb:937b406591750b3b
fpb:93c5216812c34865,train,75,fpb:93c5216812c34865
fpb:93d3f961af9dfaee,train,66,fpb:93d3f961af9dfaee
fpb:93e78aee73abc6c5,train,all,fpb:93e78aee73abc6c5
fpb:93eb74a9b19b46fd,train,all,fpb:93eb74a9b19b46fd
fpb:93ef4d200dd8c366,train,all,fpb:93ef4d200dd8c366
fpb:9402847868f92a42,train,75,fpb:9402847868f92a42
fpb:94299f3007112226,test,50,fpb:94299f3007112226
fpb:942b8e00c5cc2e3d,test,50,fpb:942b8e00c5cc2e3d
fpb:9434973cad11cc45,test,75,fpb:9434973cad11cc45
fpb:943bd137f7f47b18,train,66,fpb:943bd137f7f47b18
fpb:9445a3a7bcde324c,test,all,fpb:9445a3a7bcde324c
fpb:94560badaaec613f,test,75,fpb:94560badaaec613f
fpb:9457820d622adfbe,train,all,fpb:9457820d622adfbe
fpb:945fd89f040928ef,train,50,fpb:945fd89f040928ef
fpb:947e60f6fdc8e6d2,train,all,fpb:947e60f6fdc8e6d2
fpb:948175d7547f15b6,train,all,fpb:948175d7547f15b6
fpb:948e4197aa5d6bcf,train,50,fpb:948e4197aa5d6bcf
fpb:94990cf73c7b511e,dev,50,fpb:94990cf73c7b511e
fpb:949b31412eb166b7,train,all,fpb:949b31412eb166b7
fpb:94afb89fcbf71041,train,75,fpb:94afb89fcbf71041
fpb:94d4ec926cf57b28,dev,50,fpb:94d4ec926cf57b28
fpb:94e39a25bf6891eb,train,all,fpb:94e39a25bf6891eb
fpb:94fda6262b01d833,train,all,fpb:94fda6262b01d833
fpb:95030d04795a2003,train,75,fpb:95030d04795a2003
fpb:9503597b130f5edd,train,all,fpb:9503597b130f5edd
fpb:9508047570337254,train,all,fpb:9508047570337254
fpb:950a76caf1377ba9,train,all,fpb:950a76caf1377ba9
fpb:95114ba8ddb33923,train,all,fpb:95114ba8ddb33923
fpb:9515645082fdc05f,test,all,fpb:9515645082fdc05f
fpb:95178a593064df19,train,all,fpb:95178a593064df19
fpb:9518c0042d3144c3,train,all,fpb:9518c0042d3144c3
fpb:95242275758be417,train,66,fpb:95242275758be417
fpb:9538f05960f093f6,test,all,fpb:9538f05960f093f6
fpb:954cb1d7da8797ca,train,all,fpb:954cb1d7da8797ca
fpb:95524d0c676b3094,train,all,fpb:95524d0c676b3094
fpb:9558a1eeac441e25,train,all,fpb:9558a1eeac441e25
fpb:9559ccaef9954bef,train,all,fpb:9559ccaef9954bef
fpb:955df1ff28a008c4,train,66,fpb:955df1ff28a008c4
fpb:95851c66b845b843,train,66,fpb:95851c66b845b843
fpb:95aa30591b340311,train,all,fpb:95aa30591b340311
fpb:95b8ea2c6fea497e,train,75,fpb:95b8ea2c6fea497e
fpb:95c37e538cd1bea9,test,all,fpb:95c37e538cd1bea9
fpb:95cac53460e542b7,dev,75,fpb:95cac53460e542b7
fpb:95ceec56bfd503d3,train,50,fpb:95ceec56bfd503d3
fpb:95de73b9360de97e,dev,75,fpb:95de73b9360de97e
fpb:95e70511e24dc3ba,dev,66,fpb:95e70511e24dc3ba
fpb:96102371c668d631,train,50,fpb:96102371c668d631
fpb:9619d05997db3e91,train,66,fpb:9619d05997db3e91
fpb:961a34f11f789759,test,all,fpb:961a34f11f789759
fpb:964862313d798161,test,all,fpb:964862313d798161
fpb:964eeaef29156bc1,test,all,fpb:964eeaef29156bc1
fpb:969e98c4cfc3a1ea,train,all,fpb:969e98c4cfc3a1ea
fpb:969ebf7ecdf97ab2,train,75,fpb:969ebf7ecdf97ab2
fpb:96be3d88d20c8a15,train,all,fpb:96be3d88d20c8a15
fpb:96f43dc18d43e86e,train,75,fpb:6e69ce28adfb000a
fpb:96f76b0be1f72f57,train,66,fpb:96f76b0be1f72f57
fpb:97044eb2f57b76f9,train,75,fpb:97044eb2f57b76f9
fpb:9719e8e2bc072eee,train,50,fpb:9719e8e2bc072eee
fpb:972290ccdc4d77c5,test,all,fpb:972290ccdc4d77c5
fpb:9748b7404f296781,train,all,fpb:9748b7404f296781
fpb:97636cc8ed07433c,train,all,fpb:97636cc8ed07433c
fpb:976e47e805d1a3fd,train,50,fpb:976e47e805d1a3fd
fpb:976ef19815d103ef,train,all,fpb:976ef19815d103ef
fpb:9776d8ed32874bf4,train,66,fpb:9776d8ed32874bf4
fpb:9778f63195358162,test,66,fpb:9778f63195358162
fpb:978d17213ca6eb9f,train,all,fpb:978d17213ca6eb9f
fpb:97b46f2f70335d4f,train,75,fpb:97b46f2f70335d4f
fpb:97c4fde603f40abc,train,66,fpb:97c4fde603f40abc
fpb:97daca1a5a67cdfe,test,75,fpb:97daca1a5a67cdfe
fpb:97ea101dc67aa993,train,all,fpb:97ea101dc67aa993
fpb:97ea8537234028b7,dev,all,fpb:97ea8537234028b7
fpb:97f4e3ab1f07db21,dev,75,fpb:97f4e3ab1f07db21
fpb:97f9287160c3a2bb,train,66,fpb:97f9287160c3a2bb
fpb:980a9c3d7e8d5021,test,all,fpb:980a9c3d7e8d5021
fpb:9815ffd7af054f6d,train,66,fpb:9815ffd7af054f6d
fpb:9836136d3a1d0c40,train,all,fpb:9836136d3a1d0c40
fpb:986a2848dec29bc5,train,75,fpb:986a2848dec29bc5
fpb:986c9bbbcbee5f7d,dev,all,fpb:986c9bbbcbee5f7d
fpb:9874300ae5308b3f,dev,all,fpb:9874300ae5308b3f
fpb:987a9143559e8f15,train,all,fpb:987a9143559e8f15
fpb:987d203c05597dd2,test,66,fpb:987d203c05597dd2
fpb:987ef5c69c44b5ac,test,all,fpb:987ef5c69c44b5ac
fpb:98a4fa468bfe30c9,train,all,fpb:98a4fa468bfe30c9
fpb:98a6f097aa605a42,train,all,fpb:98a6f097aa605a42
fpb:98a76bd7e8b2c07a,train,all,fpb:98a76bd7e8b2c07a
fpb:98b6b87c00639636,dev,75,fpb:98b6b87c00639636
fpb:98d7d236589b2d36,train,75,fpb:98d7d236589b2d36
fpb:98d8531cbe2008e2,train,66,fpb:98d8531cbe2008e2
fpb:98da13a2bcebd638,train,75,fpb:98da13a2bcebd638
fpb:98dc995d0e866750,train,50,fpb:98dc995d0e866750
fpb:98df6bf760525502,train,all,fpb:98df6bf760525502
fpb:98e8d87edee6d30a,train,66,fpb:98e8d87edee6d30a
fpb:98ea5c01289fdeaf,train,75,fpb:98ea5c01289fdeaf
fpb:99163f96c96327a9,test,66,fpb:99163f96c96327a9
fpb:991ac16d61f870d2,train,all,fpb:991ac16d61f870d2
fpb:99232ae28253afe8,train,all,fpb:99232ae28253afe8
fpb:9931f914fb1cf53b,train,all,fpb:9931f914fb1cf53b
fpb:99451f0dc51f9784,dev,75,fpb:99451f0dc51f9784
fpb:994a8e8061da48c1,train,75,fpb:994a8e8061da48c1
fpb:994f02cba7ffc63d,train,all,fpb:994f02cba7ffc63d
fpb:9957cd1c13e00b03,train,all,fpb:9957cd1c13e00b03
fpb:996335328faab575,dev,all,fpb:996335328faab575
fpb:997e7aeb6ce9d302,train,75,fpb:997e7aeb6ce9d302
fpb:99b68a38fd94ef9d,dev,66,fpb:99b68a38fd94ef9d
fpb:99b9a6c982810cce,train,66,fpb:99b9a6c982810cce
fpb:99bcee34a2dbdb39,train,all,fpb:99bcee34a2dbdb39
fpb:99bd5fbc7fa9e920,train,all,fpb:99bd5fbc7fa9e920
fpb:99d3ede390f013eb,test,all,fpb:99d3ede390f013eb
fpb:99d7b084ac90f6a1,dev,75,fpb:99d7b084ac90f6a1
fpb:99e87ddefacd6b92,train,all,fpb:99e87ddefacd6b92
fpb:99e8a66046d612ca,test,all,fpb:99e8a66046d612ca
fpb:99ebca612aee5cbe,test,75,fpb:99ebca612aee5cbe
fpb:9a0038ec870a6db0,train,all,fpb:9a0038ec870a6db0
fpb:9a2003670617d232,train,66,fpb:9a2003670617d232
fpb:9a27b705ca486460,test,50,fpb:9a27b705ca486460
fpb:9a37fd9d65261558,train,50,fpb:9a37fd9d65261558
fpb:9a3aefafe54bde42,test,75,fpb:9a3aefafe54bde42
fpb:9a402c861d92057b,dev,all,fpb:9a402c861d92057b
fpb:9a5460b6fc22f52b,train,66,fpb:9a5460b6fc22f52b
fpb:9a5583d4ebbd53e8,train,all,fpb:9a5583d4ebbd53e8
fpb:9a5e00fa6776dc2e,train,all,fpb:9a5e00fa6776dc2e
fpb:9a770cb23b7a4d1a,test,all,fpb:9a770cb23b7a4d1a
fpb:9a770f152ed6dfc0,train,50,fpb:9a770f152ed6dfc0
fpb:9a7c2b4189e96968,train,all,fpb:9a7c2b4189e96968
fpb:9a8c58917eb49574,train,all,fpb:9a8c58917eb49574
fpb:9acd14053f4b001f,train,all,fpb:9acd14053f4b001f
fpb:9ad006304ce7f0b4,train,all,fpb:9ad006304ce7f0b4
fpb:9addaeb560ea5939,test,75,fpb:9addaeb560ea5939
fpb:9adf0795bb444897,train,75,fpb:9adf0795bb444897
fpb:9ae9e64cc6a6f516,train,66,fpb:9ae9e64cc6a6f516
fpb:9b0efcc7dc03b056,train,all,fpb:9b0efcc7dc03b056
fpb:9b25e14333699cd0,train,75,fpb:9b25e14333699cd0
fpb:9b4275be4ced2c74,test,all,fpb:9b4275be4ced2c74
fpb:9b493a32d7eff84a,train,75,fpb:9b493a32d7eff84a
fpb:9b4c4c83b6b0f426,test,66,fpb:9b4c4c83b6b0f426
fpb:9b4c9c9fa1443991,train,75,fpb:9b4c9c9fa1443991
fpb:9b85ee226fc49807,train,all,fpb:9b85ee226fc49807
fpb:9ba13d695215e7e1,train,all,fpb:9ba13d695215e7e1
fpb:9ba38d3c0e806363,test,66,fpb:9ba38d3c0e806363
fpb:9bb36d65f7170bea,train,all,fpb:9bb36d65f7170bea
fpb:9bc65e7561f58027,train,all,fpb:9bc65e7561f58027
fpb:9bca564e37156fe9,train,all,fpb:9bca564e37156fe9
fpb:9bcb01e17c8706d0,train,50,fpb:9bcb01e17c8706d0
fpb:9bd07dc5be748938,train,all,fpb:9bd07dc5be748938
fpb:9bd84785d4022f09,train,all,fpb:9bd84785d4022f09
fpb:9bee4bf72cefcfb1,train,all,fpb:9bee4bf72cefcfb1
fpb:9c089bf34c118084,test,all,fpb:9c089bf34c118084
fpb:9c0cfe92349c0294,dev,75,fpb:9c0cfe92349c0294
fpb:9c2bea84c81dd236,test,66,fpb:9c2bea84c81dd236
fpb:9c33de7b937af13e,test,all,fpb:9c33de7b937af13e
fpb:9c6adf694e2a5f5a,train,75,fpb:9c6adf694e2a5f5a
fpb:9caa6e2ad1ced912,dev,75,fpb:9caa6e2ad1ced912
fpb:9cd527f5750892e3,train,50,fpb:9cd527f5750892e3
fpb:9cf2a131c90e2777,train,all,fpb:9cf2a131c90e2777
fpb:9d00949a9f6b09db,train,66,fpb:9d00949a9f6b09db
fpb:9d2e64241fe62e18,train,66,fpb:9d2e64241fe62e18
fpb:9d364128bcfed393,dev,75,fpb:9d364128bcfed393
fpb:9d39a450016cf1f8,train,75,fpb:9d39a450016cf1f8
fpb:9d3ea1d17769ec3a,train,75,fpb:9d3ea1d17769ec3a
fpb:9d3fdefe655988c3,test,50,fpb:9d3fdefe655988c3
fpb:9d896fa062606c43,train,all,fpb:9d896fa062606c43
fpb:9d8f9c8a8ba7fe0b,test,66,fpb:9d8f9c8a8ba7fe0b
fpb:9d931b7e63e7c49e,train,66,fpb:9d931b7e63e7c49e
fpb:9d96e49f2d31d2cb,dev,66,fpb:9d96e49f2d31d2cb
fpb:9da6d05c24903e44,train,75,fpb:9da6d05c24903e44
fpb:9db7f934774ee762,train,all,fpb:9db7f934774ee762
fpb:9db8f737f4da351d,train,66,fpb:9db8f737f4da351d
fpb:9dbf58903d8ae8e2,train,all,fpb:9dbf58903d8ae8e2
fpb:9dc96b813b02d827,train,all,fpb:9dc96b813b02d827
fpb:9dd042f9bc6aa523,train,all,fpb:9dd042f9bc6aa523
fpb:9ddcf330c6977eb2,dev,75,fpb:9ddcf330c6977eb2
fpb:9de258723cdcc407,train,50,fpb:9de258723cdcc407
fpb:9e09f30dd3f891fc,train,all,fpb:9e09f30dd3f891fc
fpb:9e25514d91cd207d,dev,all,fpb:9e25514d91cd207d
fpb:9e37a8801c010a7b,dev,all,fpb:9e37a8801c010a7b
fpb:9e3b98d40b2e6718,train,all,fpb:9e3b98d40b2e6718
fpb:9e4182d6519af959,train,all,fpb:9e4182d6519af959
fpb:9e525c0a97ddfcf5,train,75,fpb:9e525c0a97ddfcf5
fpb:9e5393118f5b47c5,train,66,fpb:9e5393118f5b47c5
fpb:9e618e1a54a92226,train,all,fpb:9e618e1a54a92226
fpb:9e641dc4f87a95a7,train,75,fpb:9e641dc4f87a95a7
fpb:9e65912a3892979f,test,all,fpb:9e65912a3892979f
fpb:9e6b799af96056b3,train,all,fpb:9e6b799af96056b3
fpb:9e6c2cfd086faf35,train,66,fpb:9e6c2cfd086faf35
fpb:9e9c44d9a50b6b91,train,all,fpb:9e9c44d9a50b6b91
fpb:9ea5471863beb441,dev,50,fpb:9ea5471863beb441
fpb:9edc8761e6c6822b,train,all,fpb:9edc8761e6c6822b
fpb:9ede6c4f1fbe7c66,train,50,fpb:9ede6c4f1fbe7c66
fpb:9ee16cf52376cec4,train,all,fpb:9ee16cf52376cec4
fpb:9eea5290aa747eff,train,all,fpb:9eea5290aa747eff
fpb:9eedf1df6d573d60,train,all,fpb:9eedf1df6d573d60
fpb:9efca4c5f36bb655,train,all,fpb:9efca4c5f36bb655
fpb:9f057e81ac6e819b,dev,all,fpb:9f057e81ac6e819b
fpb:9f0d1ecde914e804,train,all,fpb:9f0d1ecde914e804
fpb:9f0fbc72148c818e,dev,66,fpb:9f0fbc72148c818e
fpb:9f10cd4061a34d3d,train,66,fpb:9f10cd4061a34d3d
fpb:9f1a9dd5d2a0fd1d,train,all,fpb:9f1a9dd5d2a0fd1d
fpb:9f1bd10d07629908,train,75,fpb:9f1bd10d07629908
fpb:9f38d1d59b6cc528,train,all,fpb:9f38d1d59b6cc528
fpb:9f47167a4e4cdd29,train,all,fpb:9f47167a4e4cdd29
fpb:9f4d92f3f4d98d65,test,all,fpb:9f4d92f3f4d98d65
fpb:9f62e5027fb13ee7,train,all,fpb:9f62e5027fb13ee7
fpb:9f672a99957e1d81,train,75,fpb:9f672a99957e1d81
fpb:9f7580388aceb078,test,all,fpb:9f7580388aceb078
fpb:9f9503069fc486ad,train,all,fpb:9f9503069fc486ad
fpb:9f9b0fcadc55e2cd,train,all,fpb:9f9b0fcadc55e2cd
fpb:9fc6950318b0bf8b,dev,75,fpb:9fc6950318b0bf8b
fpb:9fdfab87104443c9,dev,75,fpb:9fdfab87104443c9
fpb:9fe303434950bcb7,train,all,fpb:9fe303434950bcb7
fpb:9fe318e5973d7f3b,train,66,fpb:9fe318e5973d7f3b
fpb:9fe9beede54b14de,train,75,fpb:9fe9beede54b14de
fpb:9fed759a4711fbd9,test,all,fpb:9fed759a4711fbd9
fpb:9feef56008b97a29,test,all,fpb:9feef56008b97a29
fpb:a000aa9d883d31ed,test,all,fpb:a000aa9d883d31ed
fpb:a01226d16d268fee,train,66,fpb:a01226d16d268fee
fpb:a034559a2414419b,train,66,fpb:a034559a2414419b
fpb:a05468e91dadb689,train,all,fpb:a05468e91dadb689
fpb:a0571861de1395ae,train,all,fpb:a0571861de1395ae
fpb:a065f2825dd70b49,train,50,fpb:a065f2825dd70b49
fpb:a0693ab600af9824,train,all,fpb:a0693ab600af9824
fpb:a074de2414fcd2be,test,all,fpb:1fdd2f56437e7520
fpb:a07b5c3ef2a8fea6,train,all,fpb:a07b5c3ef2a8fea6
fpb:a07f09d463de49be,train,66,fpb:a07f09d463de49be
fpb:a09a84547a5200f0,train,75,fpb:a09a84547a5200f0
fpb:a0c82f3e444bc7d7,train,all,fpb:a0c82f3e444bc7d7
fpb:a0e0f1a638754a79,train,75,fpb:a0e0f1a638754a79
fpb:a0e3068faa65bfd6,train,75,fpb:a0e3068faa65bfd6
fpb:a0ec1d01d244dbc4,train,75,fpb:a0ec1d01d244dbc4
fpb:a0fc79b4b1ef658d,train,75,fpb:a0fc79b4b1ef658d
fpb:a1024e8f5ff6caf0,train,all,fpb:a1024e8f5ff6caf0
fpb:a11a510693793e05,train,all,fpb:a11a510693793e05
fpb:a11c48764431e4ff,test,75,fpb:a11c48764431e4ff
fpb:a11f3b2295c67cdc,dev,50,fpb:a11f3b2295c67cdc
fpb:a13c2c42404ea7f7,test,all,fpb:a13c2c42404ea7f7
fpb:a141312a6137db82,train,50,fpb:a141312a6137db82
fpb:a148ffc42a77e224,train,all,fpb:a148ffc42a77e224
fpb:a157872dc63bf5ea,train,75,fpb:a157872dc63bf5ea
fpb:a15a2fbb61e8328a,train,all,fpb:a15a2fbb61e8328a
fpb:a1a635f28a08b549,train,all,fpb:a1a635f28a08b549
fpb:a1b10d2b6ea5d6e7,train,all,fpb:a1b10d2b6ea5d6e7
fpb:a1b8ee2a178cc0a3,train,all,fpb:a1b8ee2a178cc0a3
fpb:a1cb412654db4f32,test,all,fpb:a1cb412654db4f32
fpb:a1d18762e1aabc95,train,75,fpb:a1d18762e1aabc95
fpb:a1d312eee5c74d34,test,all,fpb:a1d312eee5c74d34
fpb:a1eb0c718fc1c152,dev,50,fpb:a1eb0c718fc1c152
fpb:a1f212abf756324f,train,50,fpb:a1f212abf756324f
fpb:a2099583d6096d65,test,75,fpb:a2099583d6096d65
fpb:a232cf149a283130,train,all,fpb:a232cf149a283130
fpb:a240c6649a474e58,train,75,fpb:a240c6649a474e58
fpb:a25578c426a873f8,train,75,fpb:a25578c426a873f8
fpb:a26282cbb0a00502,train,all,fpb:a26282cbb0a00502
fpb:a267972d47a0873b,train,all,fpb:a267972d47a0873b
fpb:a26de15669622819,train,all,fpb:a26de15669622819
fpb:a27758accca07fef,test,all,fpb:a27758accca07fef
fpb:a278ec6010de25c4,train,66,fpb:a278ec6010de25c4
fpb:a27e119504e6e63e,dev,75,fpb:a27e119504e6e63e
fpb:a2895a8f0e3860f1,train,66,fpb:a2895a8f0e3860f1
fpb:a2bc99bbd9e5c5e0,test,all,fpb:a2bc99bbd9e5c5e0
fpb:a2d15a4f02fed268,train,all,fpb:a2d15a4f02fed268
fpb:a2d44c9366c3883d,train,75,fpb:a2d44c9366c3883d
fpb:a2e607911b30c8f1,train,all,fpb:a2e607911b30c8f1
fpb:a2fb22fe8f2bba33,train,all,fpb:a2fb22fe8f2bba33
fpb:a2fbc885dfc4ee69,train,all,fpb:a2fbc885dfc4ee69
fpb:a306641c261d23ae,dev,75,fpb:a306641c261d23ae
fpb:a30f9f46ee9680e4,train,all,fpb:a30f9f46ee9680e4
fpb:a310c8986e1928f0,train,all,fpb:a310c8986e1928f0
fpb:a344e8bb2546e88f,train,all,fpb:a344e8bb2546e88f
fpb:a34c261754419642,train,all,fpb:a34c261754419642
fpb:a35d643b04d2bceb,test,66,fpb:a35d643b04d2bceb
fpb:a3671f71fbab3a84,dev,all,fpb:a3671f71fbab3a84
fpb:a36737b952530140,train,all,fpb:a36737b952530140
fpb:a3694505a59d4e44,train,66,fpb:a3694505a59d4e44
fpb:a36d2ce3a01d2bb6,dev,all,fpb:a36d2ce3a01d2bb6
fpb:a37d288d14116e90,train,50,fpb:a37d288d14116e90
fpb:a38215e20d94ea67,train,66,fpb:a38215e20d94ea67
fpb:a387d5a85d975b1c,train,66,fpb:2c1b963eba59c2b5
fpb:a3896a8a6f71d128,test,all,fpb:a3896a8a6f71d128
fpb:a398f0c0885c4a51,test,75,fpb:a398f0c0885c4a51
fpb:a3a3241fc716a128,dev,66,fpb:a3a3241fc716a128
fpb:a3b729f5ceabc3d2,train,all,fpb:a3b729f5ceabc3d2
fpb:a3dff7c10dc6a3f6,train,all,fpb:a3dff7c10dc6a3f6
fpb:a3e24b16af3c16ee,train,75,fpb:a3e24b16af3c16ee
fpb:a402360d06a3f72b,train,75,fpb:a402360d06a3f72b
fpb:a40a5033d5535d2f,train,75,fpb:a40a5033d5535d2f
fpb:a4143972632f868b,train,all,fpb:a4143972632f868b
fpb:a41db6cbbadf518c,train,75,fpb:a41db6cbbadf518c
fpb:a436e7e899a9f5df,test,all,fpb:a436e7e899a9f5df
fpb:a45de02a9626c93d,train,75,fpb:a45de02a9626c93d
fpb:a462f364111b06f2,train,50,fpb:a462f364111b06f2
fpb:a46707f8ff5f83d0,test,all,fpb:a46707f8ff5f83d0
fpb:a467b1633cb32974,train,all,fpb:a467b1633cb32974
fpb:a469af8b005bd103,test,all,fpb:a469af8b005bd103
fpb:a46a5c3c508e84e1,train,all,fpb:a46a5c3c508e84e1
fpb:a47f62964363fe20,train,all,fpb:a47f62964363fe20
fpb:a47faf19df8e3b79,dev,66,fpb:a47faf19df8e3b79
fpb:a4926472a4f12ed3,train,all,fpb:a4926472a4f12ed3
fpb:a4939c3ef76a7f14,train,all,fpb:a4939c3ef76a7f14
fpb:a49d1bc12f6e6ff1,test,75,fpb:a49d1bc12f6e6ff1
fpb:a4b77249fe25f8f8,test,all,fpb:a4b77249fe25f8f8
fpb:a4bc6488de999eb7,train,75,fpb:a4bc6488de999eb7
fpb:a4bd8e51b60984ec,test,75,fpb:a4bd8e51b60984ec
fpb:a4dac5328b89d20c,train,all,fpb:a4dac5328b89d20c
fpb:a4efef015b213b01,train,all,fpb:a4efef015b213b01
fpb:a4fe565416315748,test,50,fpb:a4fe565416315748
fpb:a51274607b6ebd2e,train,all,fpb:a51274607b6ebd2e
fpb:a513db619beffc51,train,50,fpb:a513db619beffc51
fpb:a51ba5111103ace7,train,66,fpb:a51ba5111103ace7
fpb:a5214aa1c9bf8df9,test,75,fpb:a5214aa1c9bf8df9
fpb:a527c12953812325,train,75,fpb:a527c12953812325
fpb:a532d5a55cf56e3a,train,50,fpb:a532d5a55cf56e3a
fpb:a5339e1766102abf,train,50,fpb:a5339e1766102abf
fpb:a53b14e54c01f933,train,all,fpb:a53b14e54c01f933
fpb:a53b24183e3f8479,test,all,fpb:a53b24183e3f8479
fpb:a55fc1cd6ec1dc29,dev,50,fpb:a55fc1cd6ec1dc29
fpb:a577122ea6ca54f5,train,75,fpb:a577122ea6ca54f5
fpb:a57ba8fbfafd53dd,train,50,fpb:a57ba8fbfafd53dd
fpb:a57be3c968846509,train,75,fpb:a57be3c968846509
fpb:a58119dd2aa9ceeb,train,all,fpb:a58119dd2aa9ceeb
fpb:a582da2a82f49671,train,75,fpb:a582da2a82f49671
fpb:a586131bdcfa0a12,train,all,fpb:a586131bdcfa0a12
fpb:a597f36583ae843d,test,50,fpb:a597f36583ae843d
fpb:a5989301d459b09b,test,75,fpb:a5989301d459b09b
fpb:a5bfec4a564631ea,train,75,fpb:a5bfec4a564631ea
fpb:a5cc78750b52c560,train,66,fpb:a5cc78750b52c560
fpb:a5ee34b911484708,train,all,fpb:a5ee34b911484708
fpb:a609c703438eafe0,train,all,fpb:a609c703438eafe0
fpb:a60b32ec536e92db,train,all,fpb:a60b32ec536e92db
fpb:a62a9140d322f45c,train,66,fpb:a62a9140d322f45c
fpb:a63f807a24e50674,test,75,fpb:a63f807a24e50674
fpb:a6664bef3a0bceae,test,all,fpb:a6664bef3a0bceae
fpb:a6775c9dfad17967,train,all,fpb:a6775c9dfad17967
fpb:a67bc0676bed37ed,train,75,fpb:a67bc0676bed37ed
fpb:a67e943695e3cdf8,train,all,fpb:a67e943695e3cdf8
fpb:a692818aecc8e57b,train,66,fpb:a692818aecc8e57b
fpb:a6940bfa8f6c47b8,train,75,fpb:a6940bfa8f6c47b8
fpb:a6a64d6a2a7b241c,train,all,fpb:a6a64d6a2a7b241c
fpb:a6a9d4b1c6d3d105,test,66,fpb:a6a9d4b1c6d3d105
fpb:a6adfccd0282ab1b,train,50,fpb:a6adfccd0282ab1b
fpb:a6c2b19c21c848dd,train,75,fpb:a6c2b19c21c848dd
fpb:a6ddb6349c3774b1,train,50,fpb:a6ddb6349c3774b1
fpb:a715f540b525236a,train,50,fpb:a715f540b525236a
fpb:a71dda4c9497a6ad,train,all,fpb:a71dda4c9497a6ad
fpb:a71e62d0a168ca16,train,75,fpb:058c37e563aa1c11
fpb:a737b08e6689394b,dev,75,fpb:a737b08e6689394b
fpb:a739a37270ec235a,train,all,fpb:a739a37270ec235a
fpb:a740a36b60d551bb,test,all,fpb:a740a36b60d551bb
fpb:a74db8cc5886cb5d,train,75,fpb:a74db8cc5886cb5d
fpb:a74ef0149550ea79,train,50,fpb:318668ef20b17ed8
fpb:a75007c4c95e2409,train,all,fpb:a75007c4c95e2409
fpb:a757b2c91b2c575c,train,75,fpb:a757b2c91b2c575c
fpb:a75b0d6b7c63e700,test,all,fpb:a75b0d6b7c63e700
fpb:a7748dd523bb3e10,train,66,fpb:a7748dd523bb3e10
fpb:a779a54f4302d9eb,train,all,fpb:a779a54f4302d9eb
fpb:a79bc04cee6df039,train,all,fpb:a79bc04cee6df039
fpb:a7b062f03a86afca,train,66,fpb:a7b062f03a86afca
fpb:a7b86fcab02fef0a,train,all,fpb:a7b86fcab02fef0a
fpb:a7c43a51994f5979,train,all,fpb:a7c43a51994f5979
fpb:a7cef6f3e7f705d9,dev,all,fpb:a7cef6f3e7f705d9
fpb:a7d1a98a310dc439,test,66,fpb:a7d1a98a310dc439
fpb:a7e28e79084b4d32,train,all,fpb:a7e28e79084b4d32
fpb:a7e761884528f066,dev,75,fpb:a7e761884528f066
fpb:a7e8217036a3e1fc,train,75,fpb:a7e8217036a3e1fc
fpb:a7f56d6ad5cb5f72,dev,50,fpb:a7f56d6ad5cb5f72
fpb:a800b0dbd116d643,train,all,fpb:a800b0dbd116d643
fpb:a8169324947b3680,train,50,fpb:a8169324947b3680
fpb:a81c448f62aa4d3f,train,75,fpb:a81c448f62aa4d3f
fpb:a823f03c441211dd,train,all,fpb:a823f03c441211dd
fpb:a82612a764d85ca5,train,75,fpb:a82612a764d85ca5
fpb:a83eddfd7fee767b,train,75,fpb:a83eddfd7fee767b
fpb:a84c53f3d0aaa01e,train,all,fpb:a84c53f3d0aaa01e
fpb:a85df17d4dee8d3e,train,all,fpb:a85df17d4dee8d3e
fpb:a8600fe01b8b2d9b,train,all,fpb:a8600fe01b8b2d9b
fpb:a865131ee6d552d3,train,75,fpb:a865131ee6d552d3
fpb:a873364262e4f4a5,train,66,fpb:a873364262e4f4a5
fpb:a8945184319cad9d,train,66,fpb:a8945184319cad9d
fpb:a8970df536ceafda,train,50,fpb:a8970df536ceafda
fpb:a8ab3f9108ebb8ae,test,all,fpb:a8ab3f9108ebb8ae
fpb:a8d2f1c2d4df3ead,train,all,fpb:a8d2f1c2d4df3ead
fpb:a8e8f17accafc5d7,train,75,fpb:a8e8f17accafc5d7
fpb:a901dc2e792a4e21,train,all,fpb:a901dc2e792a4e21
fpb:a91058a8f3b34b14,train,all,fpb:a91058a8f3b34b14
fpb:a928d7631e3604c6,train,all,fpb:a928d7631e3604c6
fpb:a945e7649b7c706d,train,66,fpb:a945e7649b7c706d
fpb:a95af565c1049df7,train,66,fpb:a95af565c1049df7
fpb:a963a59536ff935a,train,66,fpb:a963a59536ff935a
fpb:a965b01df778b8b1,train,all,fpb:a965b01df778b8b1
fpb:a965ff5e81874477,train,all,fpb:a965ff5e81874477
fpb:a9874993459aedd4,train,75,fpb:a9874993459aedd4
fpb:a9c0db0bcd7fa64d,train,75,fpb:a9c0db0bcd7fa64d
fpb:a9c1f8cfc2158f47,dev,all,fpb:a9c1f8cfc2158f47
fpb:a9cd72abc9076eb9,test,all,fpb:a9cd72abc9076eb9
fpb:a9d75ccca3b8500a,train,75,fpb:a9d75ccca3b8500a
fpb:a9fb5b0c41f164c0,train,all,fpb:a9fb5b0c41f164c0
fpb:aa125e615bffd2ad,train,all,fpb:aa125e615bffd2ad
fpb:aa23dc1e438cd3e3,test,75,fpb:aa23dc1e438cd3e3
fpb:aa35e79ab7e21cc3,test,all,fpb:aa35e79ab7e21cc3
fpb:aa451c7671563914,train,50,fpb:aa451c7671563914
fpb:aa4e901454c26ee7,train,all,fpb:aa4e901454c26ee7
fpb:aa57da1c99cfa726,train,all,fpb:aa57da1c99cfa726
fpb:aa59023c431debb3,train,all,fpb:aa59023c431debb3
fpb:aa641d47eef8d059,train,all,fpb:aa641d47eef8d059
fpb:aa752be850023ef3,test,75,fpb:aa752be850023ef3
fpb:aa76574172868665,train,all,fpb:aa76574172868665
fpb:aa87a7b57c924ac9,test,all,fpb:aa87a7b57c924ac9
fpb:aa88a76b323f7f3d,test,66,fpb:aa88a76b323f7f3d
fpb:aa89a4769063db1d,test,all,fpb:aa89a4769063db1d
fpb:aa8b99c7b28bb624,train,all,fpb:aa8b99c7b28bb624
fpb:aa8f037a2f1ce520,test,all,fpb:aa8f037a2f1ce520
fpb:aa971e66db6ed6bf,dev,all,fpb:aa971e66db6ed6bf
fpb:aab5bf04b8fd38ac,train,all,fpb:aab5bf04b8fd38ac
fpb:aab6572d824b9ae2,train,50,fpb:aab6572d824b9ae2
fpb:aabad5ff4565adfd,test,all,fpb:aabad5ff4565adfd
fpb:aad6501495deac5d,train,75,fpb:aad6501495deac5d
fpb:ab0a7432d450bd2f,train,all,fpb:ab0a7432d450bd2f
fpb:ab1c7b355be3cd38,train,75,fpb:ab1c7b355be3cd38
fpb:ab21fc37a5dafd48,train,75,fpb:ab21fc37a5dafd48
fpb:ab2a44ff0e4fe1ad,train,all,fpb:ab2a44ff0e4fe1ad
fpb:ab365b950ae61c96,train,75,fpb:ab365b950ae61c96
fpb:ab378d9f2f522bb6,test,75,fpb:ab378d9f2f522bb6
fpb:ab4ce78099f79d0e,train,all,fpb:ab4ce78099f79d0e
fpb:ab62f17f5d8f7398,train,all,fpb:ab62f17f5d8f7398
fpb:ab8aa0bcb10fd1e1,train,75,fpb:ab8aa0bcb10fd1e1
fpb:ab8e36af17f3f04c,train,75,fpb:ab8e36af17f3f04c
fpb:aba652775080c4c8,train,all,fpb:aba652775080c4c8
fpb:abb90a8e7a91e089,test,50,fpb:abb90a8e7a91e089
fpb:abd3ba98f122a8d4,train,75,fpb:abd3ba98f122a8d4
fpb:abdfb304882b19ad,train,all,fpb:abdfb304882b19ad
fpb:abe790761488c4b7,dev,all,fpb:abe790761488c4b7
fpb:abe7e01ed6657184,train,all,fpb:abe7e01ed6657184
fpb:abfc33325f650c4d,train,all,fpb:abfc33325f650c4d
fpb:ac03943fe283fe74,train,all,fpb:ac03943fe283fe74
fpb:ac039599203e8c4b,train,all,fpb:ac039599203e8c4b
fpb:ac14a41a336d7b2f,train,75,fpb:ac14a41a336d7b2f
fpb:ac21622e694e9ce7,train,all,fpb:ac21622e694e9ce7
fpb:ac26dc2c9a455cad,train,50,fpb:ac26dc2c9a455cad
fpb:ac654f434c2007a0,train,75,fpb:ac654f434c2007a0
fpb:ac671292d34d7aff,dev,75,fpb:ac671292d34d7aff
fpb:ac674cf3ae78a153,train,75,fpb:ac674cf3ae78a153
fpb:ac72c940b5ec2f2e,train,all,fpb:ac72c940b5ec2f2e
fpb:ac8438d75e1534a6,train,all,fpb:ac8438d75e1534a6
fpb:ac9f8d8147efaa5a,train,75,fpb:ac9f8d8147efaa5a
fpb:acab69b729797ba8,train,all,fpb:acab69b729797ba8
fpb:acb7e4a895554067,dev,all,fpb:acb7e4a895554067
fpb:acc4136e9ae881c4,train,50,fpb:acc4136e9ae881c4
fpb:acd277a6cc2b4a70,test,all,fpb:acd277a6cc2b4a70
fpb:acf3a374b20e9637,test,66,fpb:acf3a374b20e9637
fpb:acf69262e9b8831e,test,all,fpb:acf69262e9b8831e
fpb:ad05227e86760af8,train,all,fpb:ad05227e86760af8
fpb:ad0796d56e1d10e8,dev,66,fpb:ad0796d56e1d10e8
fpb:ad602be97373c643,train,all,fpb:ad602be97373c643
fpb:ad6309a78d5c37e9,test,75,fpb:ad6309a78d5c37e9
fpb:ad7d6a24d392c7e8,train,66,fpb:ad7d6a24d392c7e8
fpb:ad93b040094e8a09,train,75,fpb:ad93b040094e8a09
fpb:ad9c2fe5a01f407e,test,75,fpb:ad9c2fe5a01f407e
fpb:adaca03e78698fe9,test,50,fpb:adaca03e78698fe9
fpb:adae7db1238f0a1c,train,66,fpb:adae7db1238f0a1c
fpb:add8f0de76e705bc,train,all,fpb:add8f0de76e705bc
fpb:ade65d393ad2ecbf,train,all,fpb:ade65d393ad2ecbf
fpb:adf8b4f18166ff82,train,all,fpb:adf8b4f18166ff82
fpb:ae0078239c851475,train,all,fpb:ae0078239c851475
fpb:ae05aa3ed72b7683,dev,50,fpb:ae05aa3ed72b7683
fpb:ae09e7f28bfdb722,train,66,fpb:ae09e7f28bfdb722
fpb:ae2547be93d35516,train,all,fpb:ae2547be93d35516
fpb:ae2ede0e19459023,train,50,fpb:ae2ede0e19459023
fpb:ae47c0c51e3dbc09,train,66,fpb:ae47c0c51e3dbc09
fpb:ae4f8f6ebbada3f9,train,66,fpb:ae4f8f6ebbada3f9
fpb:ae54b356f478131d,train,75,fpb:ae54b356f478131d
fpb:ae6e589d2d40fee5,test,75,fpb:ae6e589d2d40fee5
fpb:ae702afcf0bb7246,train,all,fpb:ae702afcf0bb7246
fpb:ae70b619552ddc55,train,all,fpb:ae70b619552ddc55
fpb:ae85d0017d766419,train,75,fpb:ae85d0017d766419
fpb:ae9bc42237d86485,dev,50,fpb:ae9bc42237d86485
fpb:aeb47bdf6ecfb936,dev,50,fpb:aeb47bdf6ecfb936
fpb:aeb7086e0b498e3c,train,75,fpb:aeb7086e0b498e3c
fpb:aeb8682fcf1d8800,test,75,fpb:aeb8682fcf1d8800
fpb:aebb1738f56ebf41,train,all,fpb:aebb1738f56ebf41
fpb:aec486ff8a43cfd5,test,all,fpb:aec486ff8a43cfd5
fpb:af07823cba784e2c,train,all,fpb:af07823cba784e2c
fpb:af13de96dc943c8e,train,66,fpb:af13de96dc943c8e
fpb:af33519377e827e9,train,all,fpb:af33519377e827e9
fpb:af3964a90e148c72,test,66,fpb:af3964a90e148c72
fpb:af3e26d5ea1f773b,test,66,fpb:af3e26d5ea1f773b
fpb:af48a42536917f2f,train,all,fpb:af48a42536917f2f
fpb:af624422e6d3e933,train,50,fpb:af624422e6d3e933
fpb:af6d8dda9666bf98,train,66,fpb:af6d8dda9666bf98
fpb:af72546099669dd7,train,all,fpb:af72546099669dd7
fpb:af72d3cbcfc02453,train,75,fpb:af72d3cbcfc02453
fpb:af8530600ea235d2,train,66,fpb:af8530600ea235d2
fpb:af860121f5bf0418,train,50,fpb:af860121f5bf0418
fpb:af8721557a9a169f,test,75,fpb:af8721557a9a169f
fpb:afa9b5e4d9010352,test,all,fpb:afa9b5e4d9010352
fpb:afae18fc177d1f6b,train,75,fpb:afae18fc177d1f6b
fpb:afaf6f6e33b64ea1,dev,66,fpb:afaf6f6e33b64ea1
fpb:afb29b4e51324f28,test,all,fpb:afb29b4e51324f28
fpb:afcd33aa97f5968f,train,66,fpb:afcd33aa97f5968f
fpb:b010f7a17c2a602d,train,75,fpb:b010f7a17c2a602d
fpb:b015f2b4f401654e,train,75,fpb:b015f2b4f401654e
fpb:b01bf66eb850e8a3,test,66,fpb:b01bf66eb850e8a3
fpb:b01d8c8058ffe4df,train,all,fpb:b01d8c8058ffe4df
fpb:b04403db2f7974fe,train,50,fpb:b04403db2f7974fe
fpb:b0563e389d5fd718,train,75,fpb:b0563e389d5fd718
fpb:b0699fd9c5a696d0,train,75,fpb:b0699fd9c5a696d0
fpb:b0738d56de5650f7,test,all,fpb:b0738d56de5650f7
fpb:b0775527e05ebaf8,train,75,fpb:b0775527e05ebaf8
fpb:b0981709446b9afc,train,all,fpb:b0981709446b9afc
fpb:b0a06c5867ff76a0,train,66,fpb:b0a06c5867ff76a0
fpb:b0a3aa8d56863472,dev,all,fpb:b0a3aa8d56863472
fpb:b0c7c39ce96f5e96,train,all,fpb:b0c7c39ce96f5e96
fpb:b0e09e1022757077,train,75,fpb:b0e09e1022757077
fpb:b0fc86003f6f5bb0,train,all,fpb:b0fc86003f6f5bb0
fpb:b105ae7669ea401a,train,75,fpb:b105ae7669ea401a
fpb:b1063267294dc829,test,75,fpb:b1063267294dc829
fpb:b108c45860e03619,train,all,fpb:b108c45860e03619
fpb:b10ee5c3cbae3030,train,75,fpb:b10ee5c3cbae3030
fpb:b11995c7c292c6b3,train,all,fpb:b11995c7c292c6b3
fpb:b11aa935d0fba1fb,train,all,fpb:b11aa935d0fba1fb
fpb:b11d4fe5c0399ed0,train,all,fpb:b11d4fe5c0399ed0
fpb:b17c7ede9d3647ae,train,75,fpb:b17c7ede9d3647ae
fpb:b1842c69703754be,test,75,fpb:b1842c69703754be
fpb:b1916a2f785987e2,train,75,fpb:b1916a2f785987e2
fpb:b19228d9c2b7deb6,train,all,fpb:b19228d9c2b7deb6
fpb:b1957c79ebd534e2,dev,66,fpb:b1957c79ebd534e2
fpb:b198ff57a32f91d2,train,50,fpb:b198ff57a32f91d2
fpb:b1a727d99087e48f,train,66,fpb:b1a727d99087e48f
fpb:b1b6611725c24509,train,all,fpb:b1b6611725c24509
fpb:b1d8232b03023852,dev,all,fpb:b1d8232b03023852
fpb:b1dd99308b87766a,train,75,fpb:b1dd99308b87766a
fpb:b1f1f5d8a16a77bb,train,75,fpb:b1f1f5d8a16a77bb
fpb:b1fed32f7cb021e3,train,all,fpb:b1fed32f7cb021e3
fpb:b20d9c2257bd5b95,train,all,fpb:b20d9c2257bd5b95
fpb:b2184b523ddbba0b,train,all,fpb:b2184b523ddbba0b
fpb:b22cfb09e0178e37,train,all,fpb:b22cfb09e0178e37
fpb:b23b7c96f41b9d4b,train,75,fpb:8c565fbe38416873
fpb:b241cc984eca37a1,dev,75,fpb:b241cc984eca37a1
fpb:b271c2b6ca48ebda,test,50,fpb:b271c2b6ca48ebda
fpb:b27f17ef925a4d2c,train,75,fpb:b27f17ef925a4d2c
fpb:b28057955fbf2013,dev,75,fpb:b28057955fbf2013
fpb:b29e32091c9bb727,train,75,fpb:b29e32091c9bb727
fpb:b2c86e60bf3febfb,train,all,fpb:b2c86e60bf3febfb
fpb:b2e01389312370cf,dev,75,fpb:b2e01389312370cf
fpb:b2e72700cd7cc742,train,50,fpb:b2e72700cd7cc742
fpb:b2f68338d8758456,train,all,fpb:b2f68338d8758456
fpb:b2f8680f451c28cf,train,66,fpb:b2f8680f451c28cf
fpb:b300966cbfa80857,test,all,fpb:b300966cbfa80857
fpb:b30ecf57f7f870fd,dev,all,fpb:b30ecf57f7f870fd
fpb:b3140b5a95eed900,train,all,fpb:b3140b5a95eed900
fpb:b322111fe3386011,train,all,fpb:b322111fe3386011
fpb:b327a6780b7549f4,train,all,fpb:44a29a0905ec42a1
fpb:b338263bf3dea065,train,75,fpb:b338263bf3dea065
fpb:b3412598488aa0b7,test,66,fpb:b3412598488aa0b7
fpb:b35860b511ea26ec,train,66,fpb:b35860b511ea26ec
fpb:b36d9b770823379e,test,all,fpb:b36d9b770823379e
fpb:b3a12a8a1a4bcf5e,dev,50,fpb:b3a12a8a1a4bcf5e
fpb:b3a513f658d1bbc6,train,66,fpb:b3a513f658d1bbc6
fpb:b3a6b64f15a8ddd0,test,all,fpb:b3a6b64f15a8ddd0
fpb:b3ad0aa0be6bf11f,train,all,fpb:b3ad0aa0be6bf11f
fpb:b3bf41030a1e70d5,test,all,fpb:b3bf41030a1e70d5
fpb:b3cd482de466fce9,train,all,fpb:b3cd482de466fce9
fpb:b3e7a735077a3f71,train,all,fpb:b3e7a735077a3f71
fpb:b3f3429684cff0af,train,all,fpb:b3f3429684cff0af
fpb:b40167f7e7b30981,test,66,fpb:b40167f7e7b30981
fpb:b401818a1cf012b8,dev,75,fpb:b401818a1cf012b8
fpb:b40290761f42ccc3,dev,66,fpb:95cac53460e542b7
fpb:b402c1f7764ccb9b,train,all,fpb:b402c1f7764ccb9b
fpb:b40620cc5f4e9198,train,50,fpb:63be2c1c1a8bc7b7
fpb:b412020724bf44d6,train,75,fpb:b412020724bf44d6
fpb:b417d0e9fba930b0,train,all,fpb:b417d0e9fba930b0
fpb:b420e91416c6c838,train,all,fpb:b420e91416c6c838
fpb:b42c5d9113942b7d,dev,all,fpb:b42c5d9113942b7d
fpb:b44459cf1eaf5964,test,all,fpb:b44459cf1eaf5964
fpb:b44ae9b2999950c6,train,50,fpb:b44ae9b2999950c6
fpb:b454360802d55448,train,all,fpb:b454360802d55448
fpb:b4572c18c3dd2316,train,66,fpb:b4572c18c3dd2316
fpb:b47c0037d499db0b,train,all,fpb:b47c0037d499db0b
fpb:b47e2f5e2c0a6d99,train,all,fpb:b47e2f5e2c0a6d99
fpb:b48058416ecde4da,train,66,fpb:b48058416ecde4da
fpb:b490a0166268eace,train,all,fpb:b490a0166268eace
fpb:b498a2a5d082d854,train,75,fpb:b498a2a5d082d854
fpb:b49f7b10eff96430,train,all,fpb:b49f7b10eff96430
fpb:b4aa2665e0064ce4,train,66,fpb:b4aa2665e0064ce4
fpb:b4d70f30645c5753,train,50,fpb:b4d70f30645c5753
fpb:b4eb12d4e35706b0,train,66,fpb:b4eb12d4e35706b0
fpb:b50c212aad3f68b9,train,66,fpb:b50c212aad3f68b9
fpb:b511571db58e6279,train,50,fpb:b511571db58e6279
fpb:b5209d38ae12d47b,train,all,fpb:b5209d38ae12d47b
fpb:b52612c7a298243c,train,75,fpb:b52612c7a298243c
fpb:b52e2c769fb22553,train,50,fpb:b52e2c769fb22553
fpb:b5572d50c76be161,train,75,fpb:b5572d50c76be161
fpb:b5772b4da449423c,train,all,fpb:b5772b4da449423c
fpb:b58840e2c91d0e0a,test,all,fpb:b58840e2c91d0e0a
fpb:b58c8572fc342ba9,train,all,fpb:b58c8572fc342ba9
fpb:b5cb83908f3d43f5,dev,all,fpb:b5cb83908f3d43f5
fpb:b5d6c655f232d1d3,train,all,fpb:b5d6c655f232d1d3
fpb:b60747f75aa6baef,train,all,fpb:b60747f75aa6baef
fpb:b609ca540cedeed2,test,all,fpb:b609ca540cedeed2
fpb:b627b4900661bccd,train,all,fpb:b627b4900661bccd
fpb:b63de6a41d643af7,train,all,fpb:b63de6a41d643af7
fpb:b67b23c82245b6d9,train,75,fpb:b67b23c82245b6d9
fpb:b69125019b383f25,test,all,fpb:b69125019b383f25
fpb:b6a75dd3c59b914c,train,all,fpb:b6a75dd3c59b914c
fpb:b6aa44383dc66482,test,66,fpb:b6aa44383dc66482
fpb:b6aaa424139353db,train,50,fpb:b6aaa424139353db
fpb:b6b01683a0b6cc79,train,all,fpb:b6b01683a0b6cc79
fpb:b6c793c8a7cae410,train,75,fpb:b6c793c8a7cae410
fpb:b6c8d9c75f384f77,train,all,fpb:b6c8d9c75f384f77
fpb:b6ccdb5e92bf38f0,train,66,fpb:b6ccdb5e92bf38f0
fpb:b6d528a51ec1d052,dev,75,fpb:b6d528a51ec1d052
fpb:b6e4e9cde9a2d1a6,test,50,fpb:b6e4e9cde9a2d1a6
fpb:b726b36051caef93,train,all,fpb:b726b36051caef93
fpb:b73c4fd15707dae8,train,all,fpb:b73c4fd15707dae8
fpb:b7422fc21f2ab27d,train,50,fpb:b7422fc21f2ab27d
fpb:b74910812a6caea1,test,all,fpb:b74910812a6caea1
fpb:b754f045bb41a1bd,train,all,fpb:b754f045bb41a1bd
fpb:b7599af2878c2949,train,66,fpb:b7599af2878c2949
fpb:b76adb281c52f557,test,75,fpb:b76adb281c52f557
fpb:b79585f535b82ee9,test,75,fpb:b79585f535b82ee9
fpb:b7a193d46d77cf56,train,all,fpb:b7a193d46d77cf56
fpb:b7a6220caf05c8e4,test,66,fpb:b7a6220caf05c8e4
fpb:b7b3964f7f301686,train,all,fpb:b7b3964f7f301686
fpb:b7b8b2d82f2a0707,train,75,fpb:b7b8b2d82f2a0707
fpb:b7bbe8cfa4cb6fc0,train,all,fpb:b7bbe8cfa4cb6fc0
fpb:b7d6f19970384ae8,train,75,fpb:b7d6f19970384ae8
fpb:b7dcdfcd4e8c61d7,train,75,fpb:b7dcdfcd4e8c61d7
fpb:b818857f1512c0e8,dev,50,fpb:b818857f1512c0e8
fpb:b81e052ba03b2c1a,dev,75,fpb:b81e052ba03b2c1a
fpb:b82a0dc4be8da966,train,all,fpb:b82a0dc4be8da966
fpb:b8526b61aae82b8c,train,all,fpb:b8526b61aae82b8c
fpb:b86446951edda43d,train,75,fpb:b86446951edda43d
fpb:b86eae6e42346f1b,test,50,fpb:b86eae6e42346f1b
fpb:b879072ea402383f,test,75,fpb:b879072ea402383f
fpb:b884ecd7d92f33ea,train,50,fpb:b884ecd7d92f33ea
fpb:b88bc47d99091d05,test,all,fpb:b88bc47d99091d05
fpb:b8ce84339d72a6c4,train,66,fpb:b8ce84339d72a6c4
fpb:b8d43128b134e15e,train,all,fpb:b8d43128b134e15e
fpb:b8d8731de5232776,train,50,fpb:b8d8731de5232776
fpb:b8e04d624c18aba7,test,66,fpb:b8e04d624c18aba7
fpb:b8f32e549ce337d4,train,all,fpb:b8f32e549ce337d4
fpb:b8fd22e1d83759f4,train,all,fpb:b8fd22e1d83759f4
fpb:b90027b6464fe9e7,train,all,fpb:b90027b6464fe9e7
fpb:b90d041afc2d35d0,train,all,fpb:b90d041afc2d35d0
fpb:b9242d058c97619b,train,50,fpb:b9242d058c97619b
fpb:b92d82175f54c614,test,all,fpb:b92d82175f54c614
fpb:b940ea6db7e25f43,train,66,fpb:b940ea6db7e25f43
fpb:b94e6b8f3919894b,train,all,fpb:b94e6b8f3919894b
fpb:b952fcf0e06652a4,train,75,fpb:b952fcf0e06652a4
fpb:b97ab799f983ac6d,test,75,fpb:b97ab799f983ac6d
fpb:b97abcedd1e4b746,train,all,fpb:b97abcedd1e4b746
fpb:b97d558e5840a9b0,train,all,fpb:b97d558e5840a9b0
fpb:b9828bf3cd6d30a3,test,75,fpb:b9828bf3cd6d30a3
fpb:b9a896f0ba3c0397,test,all,fpb:b9a896f0ba3c0397
fpb:b9bca8c2a402a252,train,66,fpb:b9bca8c2a402a252
fpb:b9bef04778f11973,train,all,fpb:b9bef04778f11973
fpb:b9c5d3fef6af60ad,train,all,fpb:b9c5d3fef6af60ad
fpb:b9c9e6fef7da7037,test,all,fpb:b9c9e6fef7da7037
fpb:b9d6c83ab3e30d31,train,all,fpb:b9d6c83ab3e30d31
fpb:b9e030f0586c594d,train,all,fpb:b9e030f0586c594d
fpb:b9e51df83b921ebc,test,all,fpb:b9e51df83b921ebc
fpb:b9e9c9791c6ec1e1,train,66,fpb:b9e9c9791c6ec1e1
fpb:ba1ae7a455f3e169,train,66,fpb:ba1ae7a455f3e169
fpb:ba46e76a6d229346,train,75,fpb:ba46e76a6d229346
fpb:ba6b997690bde9da,train,all,fpb:ba6b997690bde9da
fpb:ba736f2f4d3e9db1,dev,all,fpb:ba736f2f4d3e9db1
fpb:ba7fdac2db1460c9,train,all,fpb:ba7fdac2db1460c9
fpb:ba81834a22187e3c,train,all,fpb:ba81834a22187e3c
fpb:ba819df5d36badb6,train,all,fpb:ba819df5d36badb6
fpb:baa1ff2378e35dc7,train,all,fpb:baa1ff2378e35dc7
fpb:baaca81cdada36b1,train,all,fpb:baaca81cdada36b1
fpb:bab0d7244325128b,train,75,fpb:bab0d7244325128b
fpb:bae5b3fc7b252cac,dev,75,fpb:bae5b3fc7b252cac
fpb:baeedef810a2b50c,test,75,fpb:baeedef810a2b50c
fpb:baf20cef99a7d2c4,train,all,fpb:baf20cef99a7d2c4
fpb:baf37377e6b0eb93,test,75,fpb:baf37377e6b0eb93
fpb:bb0c3ea6774aa4b8,train,75,fpb:bb0c3ea6774aa4b8
fpb:bb41299d3dd0dfb6,test,75,fpb:bb41299d3dd0dfb6
fpb:bb57b4c50cfaee48,train,all,fpb:bb57b4c50cfaee48
fpb:bb5f64be4b8e710a,train,all,fpb:bb5f64be4b8e710a
fpb:bb645a531bae171b,test,all,fpb:bb645a531bae171b
fpb:bb78afe717746602,train,all,fpb:bb78afe717746602
fpb:bb8b22c67aa0ff31,train,75,fpb:bb8b22c67aa0ff31
fpb:bbb22b4d45236e75,train,all,fpb:bbb22b4d45236e75
fpb:bbbcc3ba522ef2d0,train,66,fpb:bbbcc3ba522ef2d0
fpb:bbc16f1488d23aed,train,50,fpb:bbc16f1488d23aed
fpb:bbd68159a9405e76,dev,50,fpb:bbd68159a9405e76
fpb:bbd9d714f65258ce,test,50,fpb:bbd9d714f65258ce
fpb:bbf7c01c8a0edc62,train,all,fpb:bbf7c01c8a0edc62
fpb:bc04f8d2a0ee193f,dev,75,fpb:bc04f8d2a0ee193f
fpb:bc1d3824abc8f0a3,train,all,fpb:bc1d3824abc8f0a3
fpb:bc261c06f51093dc,train,all,fpb:bc261c06f51093dc
fpb:bc2a68fac88fb523,train,all,fpb:bc2a68fac88fb523
fpb:bc2da32a038df94d,train,all,fpb:bc2da32a038df94d
fpb:bc36d8e790ea5062,train,all,fpb:bc36d8e790ea5062
fpb:bc3b017f13028ceb,train,all,fpb:bc3b017f13028ceb
fpb:bc48f1004aae0a6c,train,all,fpb:bc48f1004aae0a6c
fpb:bc6117c1b8a273f5,train,all,fpb:bc6117c1b8a273f5
fpb:bc6c3b637f2ce873,train,all,fpb:bc6c3b637f2ce873
fpb:bc8adfe103913975,test,75,fpb:bc8adfe103913975
fpb:bc96fddf7238efae,train,66,fpb:bc96fddf7238efae
fpb:bc9f1e76e3949f80,train,75,fpb:bc9f1e76e3949f80
fpb:bcb1296eb6673ae4,train,50,fpb:bcb1296eb6673ae4
fpb:bcb7d7a32630d195,train,75,fpb:bcb7d7a32630d195
fpb:bcdc629a523fd6d8,train,all,fpb:bcdc629a523fd6d8
fpb:bcdf80d626adc5b2,dev,all,fpb:bcdf80d626adc5b2
fpb:bce7f18b0c844654,train,75,fpb:bce7f18b0c844654
fpb:bceef929cffd40a1,train,all,fpb:bceef929cffd40a1
fpb:bceffc8185be8442,test,66,fpb:bceffc8185be8442
fpb:bcfeb121bf8bebbc,train,66,fpb:bcfeb121bf8bebbc
fpb:bd01537c12f9d4cf,train,66,fpb:bd01537c12f9d4cf
fpb:bd0d318be38d38e7,test,66,fpb:bd0d318be38d38e7
fpb:bd190e07b2c29f53,dev,75,fpb:bd190e07b2c29f53
fpb:bd3829ee1e67c10d,test,all,fpb:bd3829ee1e67c10d
fpb:bd3ff60dcb16ffdb,train,all,fpb:bd3ff60dcb16ffdb
fpb:bd6ff958b54c94b0,train,66,fpb:bd6ff958b54c94b0
fpb:bd76a5b2fbed4278,dev,all,fpb:bd76a5b2fbed4278
fpb:bd7d7193a75879ef,train,75,fpb:bd7d7193a75879ef
fpb:bd906896fd484b14,train,66,fpb:bd906896fd484b14
fpb:bd98a3e658d284e6,train,all,fpb:bd98a3e658d284e6
fpb:bd998151ceb967ab,test,75,fpb:bd998151ceb967ab
fpb:bdc950b2034eb9f6,dev,75,fpb:bdc950b2034eb9f6
fpb:bdd9118a45f331ce,train,all,fpb:bdd9118a45f331ce
fpb:bde74119dd0e072d,train,all,fpb:bde74119dd0e072d
fpb:be016a9b80e511bd,train,66,fpb:be016a9b80e511bd
fpb:be050bc21b3b9477,train,all,fpb:be050bc21b3b9477
fpb:be05bd4c690f222c,train,all,fpb:be05bd4c690f222c
fpb:be0d95534170db45,test,75,fpb:be0d95534170db45
fpb:be176b0aaefc29e0,test,all,fpb:0f280483daab2c19
fpb:be1d224e9fd7ee79,train,66,fpb:be1d224e9fd7ee79
fpb:be2d6df8a413dd2c,train,66,fpb:be2d6df8a413dd2c
fpb:be2e53b880513d7b,train,75,fpb:be2e53b880513d7b
fpb:be3007021b766232,train,all,fpb:4b9f8b3daa8b4508
fpb:be353bd56fcf9f78,train,50,fpb:be353bd56fcf9f78
fpb:be40e5179de3c3dd,train,all,fpb:be40e5179de3c3dd
fpb:be5c12e35b238f0e,test,all,fpb:be5c12e35b238f0e
fpb:be732f3b2901aceb,test,75,fpb:be732f3b2901aceb
fpb:be784b099de4e8ed,dev,all,fpb:be784b099de4e8ed
fpb:be82199af0012d68,train,75,fpb:be82199af0012d68
fpb:be99f301552376f0,dev,all,fpb:be99f301552376f0
fpb:be9b788291bbe5be,train,75,fpb:be9b788291bbe5be
fpb:bea02273035f5b6a,train,66,fpb:bea02273035f5b6a
fpb:bea7315df0167230,dev,50,fpb:bea7315df0167230
fpb:bee6bb3e939706d3,train,all,fpb:bee6bb3e939706d3
fpb:bee6d21ca4cf9320,dev,75,fpb:bee6d21ca4cf9320
fpb:bee7fd8413bae0fb,train,all,fpb:bee7fd8413bae0fb
fpb:bee922fe03fbcabc,dev,66,fpb:bee922fe03fbcabc
fpb:bef1330ed4d24b9a,train,66,fpb:bef1330ed4d24b9a
fpb:bef14bfd29171111,train,all,fpb:bef14bfd29171111
fpb:bf08369d3d7ca651,train,50,fpb:bf08369d3d7ca651
fpb:bf163b8f0d3717cd,train,all,fpb:bf163b8f0d3717cd
fpb:bf186ca18e21675d,train,all,fpb:bf186ca18e21675d
fpb:bf18abb440b2d169,test,50,fpb:bf18abb440b2d169
fpb:bf1f191b12f318c3,train,75,fpb:bf1f191b12f318c3
fpb:bf249798627a6e31,test,all,fpb:bf249798627a6e31
fpb:bf26cf9d7f387df8,train,75,fpb:bf26cf9d7f387df8
fpb:bf2ede45b000b1fd,train,66,fpb:bf2ede45b000b1fd
fpb:bf427d6c29730099,train,66,fpb:bf427d6c29730099
fpb:bf78d458c668b400,test,75,fpb:bf78d458c668b400
fpb:bf7cd1b524109740,train,all,fpb:bf7cd1b524109740
fpb:bf7e32d324a5c245,test,all,fpb:bf7e32d324a5c245
fpb:bf83ec9e6d203802,train,75,fpb:bf83ec9e6d203802
fpb:bf83f4d0035709c2,train,75,fpb:bf83f4d0035709c2
fpb:bf9a374cba30d1cc,test,all,fpb:bf9a374cba30d1cc
fpb:bfa2e786bed6c6ef,test,all,fpb:bfa2e786bed6c6ef
fpb:bfb35ec698ef9bc5,test,75,fpb:bfb35ec698ef9bc5
fpb:bfb42a68adfc3d2e,test,50,fpb:bfb42a68adfc3d2e
fpb:bfbff84eac2fbad9,dev,50,fpb:bfbff84eac2fbad9
fpb:bfc77908263cf07a,train,all,fpb:bfc77908263cf07a
fpb:bfc7c054ec6516ef,train,all,fpb:bfc7c054ec6516ef
fpb:bfda180f56643be0,train,all,fpb:bfda180f56643be0
fpb:bfec84b21e0fa434,train,75,fpb:bfec84b21e0fa434
fpb:bffc42e7a591cedb,train,66,fpb:bffc42e7a591cedb
fpb:c00a71086ee43698,train,66,fpb:c00a71086ee43698
fpb:c00e556d31f0683e,train,all,fpb:c00e556d31f0683e
fpb:c01551825c4a5b66,test,66,fpb:c01551825c4a5b66
fpb:c0166941b728d641,train,all,fpb:c0166941b728d641
fpb:c01bf2a19b46512d,dev,all,fpb:c01bf2a19b46512d
fpb:c01c460895e39e16,train,all,fpb:c01c460895e39e16
fpb:c04d715c5cd02074,train,all,fpb:c04d715c5cd02074
fpb:c0606ba051417f46,train,50,fpb:c0606ba051417f46
fpb:c066643282b89ee1,test,75,fpb:c066643282b89ee1
fpb:c08ff8c6074145b2,train,all,fpb:c08ff8c6074145b2
fpb:c09d0497a0dff684,train,all,fpb:c09d0497a0dff684
fpb:c09f9d69f03b7281,test,66,fpb:c09f9d69f03b7281
fpb:c0a66bb98c47d347,dev,75,fpb:c0a66bb98c47d347
fpb:c0bf9a1c8561f369,train,66,fpb:c0bf9a1c8561f369
fpb:c0c1f2e64360164e,train,all,fpb:c0c1f2e64360164e
fpb:c0c3e46c645c583c,test,all,fpb:c0c3e46c645c583c
fpb:c0cb7a3b49761513,train,75,fpb:c0cb7a3b49761513
fpb:c0cbabca4a75427a,test,all,fpb:c0cbabca4a75427a
fpb:c0d784d07097211c,train,66,fpb:c0d784d07097211c
fpb:c0e8c47a5acabe76,train,50,fpb:c0e8c47a5acabe76
fpb:c0eec3eab75b1835,train,all,fpb:c0eec3eab75b1835
fpb:c0eef7f62f3ed145,train,66,fpb:c0eef7f62f3ed145
fpb:c0f84fdb9657622b,train,75,fpb:c0f84fdb9657622b
fpb:c0fbff6a5ae21a83,train,all,fpb:c0fbff6a5ae21a83
fpb:c101cfb21376b85e,dev,50,fpb:c101cfb21376b85e
fpb:c10df567d70e175e,dev,66,fpb:c10df567d70e175e
fpb:c11e8bbedd106ea7,train,all,fpb:c11e8bbedd106ea7
fpb:c129d6a3bc0a2690,train,50,fpb:c129d6a3bc0a2690
fpb:c1501765d804f11b,dev,all,fpb:c1501765d804f11b
fpb:c1809281a7e860b2,train,66,fpb:c1809281a7e860b2
fpb:c18fd72fa4ff2b1e,train,75,fpb:c18fd72fa4ff2b1e
fpb:c1a60e18393c48a1,test,75,fpb:c1a60e18393c48a1
fpb:c1d1820693d07626,train,50,fpb:c1d1820693d07626
fpb:c1e8ffeca486015e,train,75,fpb:c1e8ffeca486015e
fpb:c1ee0cf8f94f9909,test,66,fpb:c1ee0cf8f94f9909
fpb:c1fbf557dfbd57e5,train,50,fpb:c1fbf557dfbd57e5
fpb:c1fc8bd2e248b1c3,train,all,fpb:c1fc8bd2e248b1c3
fpb:c21e0a8a9b2be82c,test,all,fpb:c21e0a8a9b2be82c
fpb:c2217f16127cdca5,train,all,fpb:c2217f16127cdca5
fpb:c22b885c2472c158,test,75,fpb:c22b885c2472c158
fpb:c23780f653f89164,train,66,fpb:c23780f653f89164
fpb:c23f219c726dbe54,train,all,fpb:c23f219c726dbe54
fpb:c248c95d0633d915,test,all,fpb:c248c95d0633d915
fpb:c2522a09a64f1e93,train,75,fpb:c2522a09a64f1e93
fpb:c25af0d47b4320ae,train,all,fpb:c25af0d47b4320ae
fpb:c2bb4b501751dbc4,test,75,fpb:c2bb4b501751dbc4
fpb:c2dec33de26f6b66,train,all,fpb:c2dec33de26f6b66
fpb:c2e7985c59451dde,train,all,fpb:c2e7985c59451dde
fpb:c2f13cc8409e02b0,train,all,fpb:c2f13cc8409e02b0
fpb:c2fd7a4cbe81d325,train,all,fpb:c2fd7a4cbe81d325
fpb:c300f8ba4f5eb61a,train,50,fpb:c300f8ba4f5eb61a
fpb:c304cadcc0e8cb61,train,66,fpb:c304cadcc0e8cb61
fpb:c305b5c1f28d6fd2,train,all,fpb:c305b5c1f28d6fd2
fpb:c30644735aca07db,test,66,fpb:c30644735aca07db
fpb:c3134829e61dad6d,train,all,fpb:c3134829e61dad6d
fpb:c33cd234de779049,test,50,fpb:c33cd234de779049
fpb:c33e244f052d0430,test,all,fpb:c33e244f052d0430
fpb:c34b3b3a2e8d990c,train,all,fpb:c34b3b3a2e8d990c
fpb:c35780fb73560d75,train,66,fpb:c35780fb73560d75
fpb:c361ba36d1ec4d8f,dev,50,fpb:c361ba36d1ec4d8f
fpb:c373ff3209dd702a,train,50,fpb:c373ff3209dd702a
fpb:c3851d8e8ef358e1,test,all,fpb:c3851d8e8ef358e1
fpb:c3a15e909af1d54a,train,all,fpb:c3a15e909af1d54a
fpb:c3b2df69e5aa1a58,train,75,fpb:c3b2df69e5aa1a58
fpb:c3deaa718f82a31b,train,all,fpb:c3deaa718f82a31b
fpb:c3eb7fc876020a2b,train,66,fpb:c3eb7fc876020a2b
fpb:c40ba8a0b944cc5c,train,66,fpb:c40ba8a0b944cc5c
fpb:c40cee4e4dd74295,train,50,fpb:c40cee4e4dd74295
fpb:c427ea9b7cb85b37,train,66,fpb:c427ea9b7cb85b37
fpb:c42f7bd3482086d9,dev,all,fpb:c42f7bd3482086d9
fpb:c432a08863f1ac0d,train,75,fpb:c432a08863f1ac0d
fpb:c436c77be77467e3,test,all,fpb:c436c77be77467e3
fpb:c44774841b0e44ef,train,75,fpb:c44774841b0e44ef
fpb:c450e7ed0bb6a703,dev,50,fpb:c450e7ed0bb6a703
fpb:c46e81d0a198055a,train,all,fpb:c46e81d0a198055a
fpb:c4722733676c8a04,dev,66,fpb:c4722733676c8a04
fpb:c484604db7f7f35c,dev,50,fpb:c484604db7f7f35c
fpb:c489e4bc7668b6de,train,all,fpb:c489e4bc7668b6de
fpb:c490e8776da58f97,train,66,fpb:c490e8776da58f97
fpb:c4b19e515cb54f68,train,66,fpb:c4b19e515cb54f68
fpb:c4b4d502c0d1c144,train,66,fpb:c4b4d502c0d1c144
fpb:c4b53622994835d4,train,all,fpb:c4b53622994835d4
fpb:c4d3a88fac3370e2,train,50,fpb:c4d3a88fac3370e2
fpb:c4e52e4be81065ad,train,50,fpb:c4e52e4be81065ad
fpb:c4e6baf02007c35a,train,all,fpb:c4e6baf02007c35a
fpb:c512ea6856ed336b,train,all,fpb:c512ea6856ed336b
fpb:c512f1b3016532ec,train,all,fpb:c512f1b3016532ec
fpb:c52f9898c0a719cb,test,all,fpb:c52f9898c0a719cb
fpb:c545350edeb7b56f,train,all,fpb:c545350edeb7b56f
fpb:c5486d52c88310c5,train,75,fpb:c5486d52c88310c5
fpb:c55694d007a29326,test,all,fpb:c55694d007a29326
fpb:c57190b89c64756c,train,all,fpb:c57190b89c64756c
fpb:c593d0d7e0e4c567,train,50,fpb:c593d0d7e0e4c567
fpb:c5979f750f5c9da3,test,all,fpb:c5979f750f5c9da3
fpb:c5a28829281c9c53,train,75,fpb:c5a28829281c9c53
fpb:c5a64f3c5e7dc5d4,train,all,fpb:c5a64f3c5e7dc5d4
fpb:c5c30a0d101de691,train,75,fpb:c5c30a0d101de691
fpb:c5c3fe0af62e461d,dev,66,fpb:c5c3fe0af62e461d
fpb:c5cadd214bcc6461,train,75,fpb:c5cadd214bcc6461
fpb:c5cf16cb6d997511,train,75,fpb:c5cf16cb6d997511
fpb:c5d46724a70d2915,train,all,fpb:c5d46724a70d2915
fpb:c5e6f2dd4bb83d2a,test,75,fpb:c5e6f2dd4bb83d2a
fpb:c5ea82c01bbdf571,train,all,fpb:c5ea82c01bbdf571
fpb:c5ebd6e3861ea47f,test,75,fpb:c5ebd6e3861ea47f
fpb:c5ec21fe283d6df3,train,66,fpb:c5ec21fe283d6df3
fpb:c5f27fe7385205b1,train,50,fpb:8782cfab1232181b
fpb:c5f4e3a2570ada79,train,75,fpb:c5f4e3a2570ada79
fpb:c5f5f485e0ae238e,train,75,fpb:c5f5f485e0ae238e
fpb:c5fff22f5ec0318a,dev,all,fpb:c5fff22f5ec0318a
fpb:c60b9f5419941dc7,train,all,fpb:c60b9f5419941dc7
fpb:c61af36d8d5f4464,train,all,fpb:c61af36d8d5f4464
fpb:c61cc58f70c5d67a,train,66,fpb:c61cc58f70c5d67a
fpb:c61f0d5c72bfa613,dev,all,fpb:c61f0d5c72bfa613
fpb:c620b48156faff5c,test,66,fpb:c620b48156faff5c
fpb:c62f615d2f1ba6de,test,50,fpb:c62f615d2f1ba6de
fpb:c63023876d4e2b74,train,all,fpb:c63023876d4e2b74
fpb:c6380f2b498e8394,test,all,fpb:c6380f2b498e8394
fpb:c641afed08409edc,train,all,fpb:c641afed08409edc
fpb:c652266e4eacd555,train,50,fpb:c652266e4eacd555
fpb:c66100347d29dfac,train,all,fpb:c66100347d29dfac
fpb:c66fc800b186bb0b,train,all,fpb:c66fc800b186bb0b
fpb:c676ec6d578615b5,train,50,fpb:c676ec6d578615b5
fpb:c68923c4ba89a226,test,all,fpb:c68923c4ba89a226
fpb:c69136be674a3685,train,75,fpb:c69136be674a3685
fpb:c6afc9a4911581b9,test,75,fpb:c6afc9a4911581b9
fpb:c6c53da934df4b72,train,75,fpb:c6c53da934df4b72
fpb:c6c80a374943c21a,train,all,fpb:c6c80a374943c21a
fpb:c6c9f148cb019ac7,dev,all,fpb:c6c9f148cb019ac7
fpb:c6cf6a915812e75a,train,all,fpb:c6cf6a915812e75a
fpb:c6de4475ca016b4a,train,all,fpb:c6de4475ca016b4a
fpb:c6df8b170c1cbd74,train,all,fpb:c6df8b170c1cbd74
fpb:c6f383567e0d8eb8,dev,all,fpb:c6f383567e0d8eb8
fpb:c6f99c56531e4acb,train,75,fpb:c6f99c56531e4acb
fpb:c719c165bd8564ef,train,75,fpb:c719c165bd8564ef
fpb:c71c79b1190dec50,dev,75,fpb:c71c79b1190dec50
fpb:c730d92f07fecb37,train,75,fpb:c730d92f07fecb37
fpb:c731ed9cd6f9b78f,train,75,fpb:c731ed9cd6f9b78f
fpb:c73cdeba8ebea65f,train,50,fpb:c73cdeba8ebea65f
fpb:c73e706510531820,test,50,fpb:c73e706510531820
fpb:c74e38e9c34131ca,train,66,fpb:c74e38e9c34131ca
fpb:c75128cd80ba67b4,test,66,fpb:c75128cd80ba67b4
fpb:c7634e4e52cb699c,test,all,fpb:c7634e4e52cb699c
fpb:c76a5e43486526f9,train,all,fpb:c76a5e43486526f9
fpb:c7874f8ccbfdbb62,train,75,fpb:c7874f8ccbfdbb62
fpb:c789589fe687f186,train,75,fpb:c789589fe687f186
fpb:c7b2e265c83121e9,test,all,fpb:c7b2e265c83121e9
fpb:c7c805c88458a68d,train,all,fpb:c7c805c88458a68d
fpb:c7d1e0c4a9ffecab,train,66,fpb:c7d1e0c4a9ffecab
fpb:c7d83e026752897c,test,66,fpb:c7d83e026752897c
fpb:c7d96d51a9179ac2,train,50,fpb:c7d96d51a9179ac2
fpb:c7df04b4c831137f,train,66,fpb:c7df04b4c831137f
fpb:c7e26be9877ac854,dev,all,fpb:c7e26be9877ac854
fpb:c7ec1f44e5626741,test,75,fpb:c7ec1f44e5626741
fpb:c80766e96f646190,train,all,fpb:c80766e96f646190
fpb:c80a68b0e95bbf64,test,all,fpb:c80a68b0e95bbf64
fpb:c8146018dcfb9fc8,dev,50,fpb:c8146018dcfb9fc8
fpb:c82c71590972edc7,train,all,fpb:c82c71590972edc7
fpb:c84871644879e112,train,all,fpb:c84871644879e112
fpb:c85910c1384084fc,train,75,fpb:c85910c1384084fc
fpb:c869bdcc0697bd76,train,all,fpb:c869bdcc0697bd76
fpb:c86fc94af2599923,train,66,fpb:c86fc94af2599923
fpb:c873679cf8064e41,dev,75,fpb:c873679cf8064e41
fpb:c880b77e0a132931,train,all,fpb:c880b77e0a132931
fpb:c88da082ae4892d5,train,all,fpb:c88da082ae4892d5
fpb:c89b37d9f2777a6d,train,all,fpb:c89b37d9f2777a6d
fpb:c89e00b7507ee829,train,50,fpb:c89e00b7507ee829
fpb:c8b4e66371735bf0,test,all,fpb:c8b4e66371735bf0
fpb:c8bc6467b14cef1a,train,all,fpb:c8bc6467b14cef1a
fpb:c8c433c04f71b418,test,75,fpb:c8c433c04f71b418
fpb:c8d1acaf732865f9,train,all,fpb:4265c2d4263fbdb9
fpb:c8eeb55afddc64ee,train,75,fpb:c8eeb55afddc64ee
fpb:c8ff3ca485e1453d,test,66,fpb:c8ff3ca485e1453d
fpb:c920d514d2d1b911,dev,75,fpb:c920d514d2d1b911
fpb:c92639b58c250a4b,train,all,fpb:c92639b58c250a4b
fpb:c92d8a9ca99dd780,train,all,fpb:c92d8a9ca99dd780
fpb:c938b32f531874ac,train,all,fpb:c938b32f531874ac
fpb:c93c869394e167af,test,all,fpb:c93c869394e167af
fpb:c948cfb8d143d607,test,all,fpb:c948cfb8d143d607
fpb:c95f58df5a2dce12,train,75,fpb:c95f58df5a2dce12
fpb:c962f7c83708a600,train,66,fpb:c962f7c83708a600
fpb:c974912b67aab6eb,train,all,fpb:c974912b67aab6eb
fpb:c9768e8d3c155f0d,train,75,fpb:c9768e8d3c155f0d
fpb:c978a49fced9692a,train,all,fpb:c978a49fced9692a
fpb:c97f1a0599574616,train,all,fpb:c97f1a0599574616
fpb:c99eb00cfb8ba2c9,train,50,fpb:c99eb00cfb8ba2c9
fpb:c9ce15643a120e0e,train,all,fpb:c9ce15643a120e0e
fpb:c9ec014474f3d1e2,train,75,fpb:c9ec014474f3d1e2
fpb:c9f5a7f3b1715028,train,all,fpb:c9f5a7f3b1715028
fpb:c9f7d0d56a96f89f,test,75,fpb:c9f7d0d56a96f89f
fpb:c9fd48bdb84d2afa,test,66,fpb:c9fd48bdb84d2afa
fpb:ca1163f60aec3df8,train,all,fpb:ca1163f60aec3df8
fpb:ca136f228da962e1,train,66,fpb:ca136f228da962e1
fpb:ca1c94b54f8005bf,test,50,fpb:ca1c94b54f8005bf
fpb:ca447c5889bb8700,train,all,fpb:ca447c5889bb8700
fpb:ca48820a20c2c0bb,test,all,fpb:ca48820a20c2c0bb
fpb:ca8a86978b71ed38,train,66,fpb:ca8a86978b71ed38
fpb:ca97bc6fec0095b1,train,all,fpb:ca97bc6fec0095b1
fpb:ca9c6b72d48da338,train,66,fpb:ca9c6b72d48da338
fpb:cabb2894b1b3721c,train,50,fpb:cabb2894b1b3721c
fpb:cabea49b9db1c39c,train,all,fpb:cabea49b9db1c39c
fpb:cad63f05f9370c52,train,66,fpb:058c37e563aa1c11
fpb:cadaa5cf6e45aed8,train,66,fpb:cadaa5cf6e45aed8
fpb:cadf53f787918e18,train,75,fpb:cadf53f787918e18
fpb:cae7968cc61fa4ca,test,66,fpb:cae7968cc61fa4ca
fpb:caeb2c1302a46e62,test,all,fpb:caeb2c1302a46e62
fpb:caf072d84d52046e,test,75,fpb:caf072d84d52046e
fpb:cb09fa46fe5bd131,train,all,fpb:cb09fa46fe5bd131
fpb:cb0d4518ff8092f5,dev,all,fpb:cb0d4518ff8092f5
fpb:cb18972bb2cd4dde,test,all,fpb:cb18972bb2cd4dde
fpb:cb3c8b778bf91490,dev,all,fpb:cb3c8b778bf91490
fpb:cb3deda4bd10f044,train,75,fpb:cb3deda4bd10f044
fpb:cb45126c6df8ad05,train,all,fpb:cb45126c6df8ad05
fpb:cb4947b22b3df555,train,66,fpb:cb4947b22b3df555
fpb:cb4fe610c57ea833,train,all,fpb:cb4fe610c57ea833
fpb:cb5c9925d9ec74dd,train,all,fpb:cb5c9925d9ec74dd
fpb:cb660dd7c3c11e07,train,75,fpb:cb660dd7c3c11e07
fpb:cb6c4ef3898c2b75,test,all,fpb:cb6c4ef3898c2b75
fpb:cb7141e44f896e9c,train,all,fpb:cb7141e44f896e9c
fpb:cb77625f27355f7f,train,all,fpb:cb77625f27355f7f
fpb:cb860f8427629270,test,all,fpb:cb860f8427629270
fpb:cb97858c3c9cc9a5,train,50,fpb:cb97858c3c9cc9a5
fpb:cba93679ce0ea25c,train,all,fpb:cba93679ce0ea25c
fpb:cbb5546844a4839c,train,all,fpb:cbb5546844a4839c
fpb:cbc8d8a9f360b128,test,66,fpb:cbc8d8a9f360b128
fpb:cbc9a80be331310c,train,all,fpb:cbc9a80be331310c
fpb:cbe3799fd6d0fca4,dev,all,fpb:cbe3799fd6d0fca4
fpb:cbee5c8a9d11ac03,train,50,fpb:cbee5c8a9d11ac03
fpb:cbf05443d8572c39,train,50,fpb:cbf05443d8572c39
fpb:cbf4c042a3b85d78,test,all,fpb:cbf4c042a3b85d78
fpb:cc145ce635cd4b41,train,75,fpb:cc145ce635cd4b41
fpb:cc202a9fcfa5b2a2,test,75,fpb:cc202a9fcfa5b2a2
fpb:cc2f46edcfdf5c9c,train,50,fpb:cc2f46edcfdf5c9c
fpb:cc302eb85423463a,train,all,fpb:cc302eb85423463a
fpb:cc3321b7185a064c,test,66,fpb:cc3321b7185a064c
fpb:cc3f1a3d6c117217,train,all,fpb:cc3f1a3d6c117217
fpb:cc498d67e3a7dda4,train,75,fpb:cc498d67e3a7dda4
fpb:cc4f6204130f8b8f,train,all,fpb:cc4f6204130f8b8f
fpb:cc52ffb71c5bd8a8,train,all,fpb:cc52ffb71c5bd8a8
fpb:cc62ff16d2b49791,test,75,fpb:cc62ff16d2b49791
fpb:cc714a86261e386b,train,66,fpb:cc714a86261e386b
fpb:cc7712141d60b3ad,train,75,fpb:cc7712141d60b3ad
fpb:cc860cbdca735566,train,75,fpb:cc860cbdca735566
fpb:cc8c295d9f5bdf8c,test,all,fpb:cc8c295d9f5bdf8c
fpb:cc94074634ef15cc,test,66,fpb:cc94074634ef15cc
fpb:cc9f7824278493f9,test,50,fpb:cc9f7824278493f9
fpb:cca518471bcd0a5c,train,all,fpb:cca518471bcd0a5c
fpb:ccbf34fbde647379,test,50,fpb:ccbf34fbde647379
fpb:ccbfb5b6c448c9ea,train,all,fpb:ccbfb5b6c448c9ea
fpb:ccca65e4d96ef6ad,test,all,fpb:ccca65e4d96ef6ad
fpb:ccf9387c026379c2,train,50,fpb:ccf9387c026379c2
fpb:ccfc9c8d573c3c7b,test,66,fpb:ccfc9c8d573c3c7b
fpb:cd03065ee9b237ec,train,all,fpb:cd03065ee9b237ec
fpb:cd0b6c83140461ad,train,50,fpb:cd0b6c83140461ad
fpb:cd151ec92ef34437,test,75,fpb:cd151ec92ef34437
fpb:cd2bf479d2ab345f,train,75,fpb:cd2bf479d2ab345f
fpb:cd53e787c158439d,train,66,fpb:cd53e787c158439d
fpb:cd5acd0f98a17745,train,50,fpb:cd5acd0f98a17745
fpb:cd5f24ecb954a4a4,train,all,fpb:cd5f24ecb954a4a4
fpb:cd6084dcd585c909,train,all,fpb:cd6084dcd585c909
fpb:cd6be0a1bff686b3,test,all,fpb:cd6be0a1bff686b3
fpb:cd807d3463e2a1a0,train,50,fpb:cd807d3463e2a1a0
fpb:cd897b76655b2146,train,all,fpb:cd897b76655b2146
fpb:cdb978551c25216a,train,all,fpb:cdb978551c25216a
fpb:cdbf491e4ba5592d,train,50,fpb:cdbf491e4ba5592d
fpb:cdc9e10da576f439,dev,all,fpb:cdc9e10da576f439
fpb:cde069d730d5aee7,train,75,fpb:cde069d730d5aee7
fpb:cde4ff6c59db10e7,train,66,fpb:cde4ff6c59db10e7
fpb:cde66665ca6dd68a,dev,50,fpb:cde66665ca6dd68a
fpb:cdea55c8e1dc02ec,dev,75,fpb:cdea55c8e1dc02ec
fpb:cdf456a53bf7f72e,train,75,fpb:cdf456a53bf7f72e
fpb:cdf95e12c63af3f6,train,all,fpb:cdf95e12c63af3f6
fpb:cdfee69472d6837c,test,all,fpb:cdfee69472d6837c
fpb:ce2cc5c3d844629a,test,66,fpb:ce2cc5c3d844629a
fpb:ce327bfec0aa414e,train,66,fpb:ce327bfec0aa414e
fpb:ce3e7d46fe8cc2bd,test,all,fpb:ce3e7d46fe8cc2bd
fpb:ce5138e5cabc38f1,train,all,fpb:ce5138e5cabc38f1
fpb:ce5404ae7c48409b,train,75,fpb:ce5404ae7c48409b
fpb:ce60e1a7b170918b,test,all,fpb:ce60e1a7b170918b
fpb:ce60e9011f343efe,train,75,fpb:ce60e9011f343efe
fpb:ce6bab2e4e215238,train,50,fpb:b6aaa424139353db
fpb:ce6c542a00d8ec45,train,66,fpb:ce6c542a00d8ec45
fpb:ce6ff1b0aaa6e8df,train,75,fpb:ce6ff1b0aaa6e8df
fpb:cea5847955c64008,test,75,fpb:cea5847955c64008
fpb:cea6ad37636b7bf0,train,75,fpb:cea6ad37636b7bf0
fpb:ceab0b496fb5adef,train,all,fpb:ceab0b496fb5adef
fpb:cebb9a1b58efd1d4,dev,75,fpb:cebb9a1b58efd1d4
fpb:cebe67eb9f227a76,train,50,fpb:cebe67eb9f227a76
fpb:cec0259a3aeb655e,train,66,fpb:cec0259a3aeb655e
fpb:cec58058823b6598,train,all,fpb:cec58058823b6598
fpb:cedc62e293d2b947,train,75,fpb:cedc62e293d2b947
fpb:cee5419b49d4e731,train,50,fpb:cee5419b49d4e731
fpb:cf064043872ac534,test,66,fpb:cf064043872ac534
fpb:cf22c3dfa5b6784d,train,75,fpb:cf22c3dfa5b6784d
fpb:cf28d089c3348864,train,66,fpb:cf28d089c3348864
fpb:cf2caf691779de97,train,all,fpb:cf2caf691779de97
fpb:cf44a8ca964e982a,train,66,fpb:cf44a8ca964e982a
fpb:cf49153a93819825,test,75,fpb:cf49153a93819825
fpb:cf70c8b55412038b,train,all,fpb:cf70c8b55412038b
fpb:cf7375d13bbd2dfb,dev,50,fpb:cf7375d13bbd2dfb
fpb:cf8456c2f09d6826,train,all,fpb:cf8456c2f09d6826
fpb:cf8d527d16a2ae09,test,75,fpb:cf8d527d16a2ae09
fpb:cf9321110dbac437,train,all,fpb:cf9321110dbac437
fpb:cfa5fe53f9748868,train,all,fpb:cfa5fe53f9748868
fpb:cfabe5bf90535304,train,75,fpb:cfabe5bf90535304
fpb:cfb8b5f90a188c44,test,66,fpb:cfb8b5f90a188c44
fpb:cfb9afe2a836e540,dev,50,fpb:cfb9afe2a836e540
fpb:cfc652f5c7aaf0ce,test,all,fpb:cfc652f5c7aaf0ce
fpb:cfcb80ec2ef76385,train,66,fpb:cfcb80ec2ef76385
fpb:cfd76e5c7cc5e317,train,all,fpb:cfd76e5c7cc5e317
fpb:cfeb1ccf9b928b38,train,75,fpb:cfeb1ccf9b928b38
fpb:cff2d7b61f146574,dev,66,fpb:cff2d7b61f146574
fpb:cff3a073404481e1,train,50,fpb:cff3a073404481e1
fpb:cff4b6b0851a7b1b,train,all,fpb:cff4b6b0851a7b1b
fpb:cffa1bb8d1aad04c,train,all,fpb:cffa1bb8d1aad04c
fpb:d004216919e31ea9,test,all,fpb:d004216919e31ea9
fpb:d00b4649d1cd20ed,test,all,fpb:d00b4649d1cd20ed
fpb:d01dacad60c94773,train,75,fpb:d01dacad60c94773
fpb:d02202aa7ac41f58,test,all,fpb:d02202aa7ac41f58
fpb:d036f2574d44795a,train,all,fpb:d036f2574d44795a
fpb:d03bcd0359800958,train,50,fpb:d03bcd0359800958
fpb:d045bc90d2c7904e,train,all,fpb:d045bc90d2c7904e
fpb:d05f057d78da5246,test,all,fpb:d05f057d78da5246
fpb:d0680a56d6c59d16,test,all,fpb:d0680a56d6c59d16
fpb:d07ea75c3854c17e,train,all,fpb:d07ea75c3854c17e
fpb:d08f8d73546127a0,train,all,fpb:d08f8d73546127a0
fpb:d09631ebb70c9e24,train,all,fpb:d09631ebb70c9e24
fpb:d0984ee76cdcffe3,train,66,fpb:d0984ee76cdcffe3
fpb:d09974580e7f2dcb,train,all,fpb:d09974580e7f2dcb
fpb:d09b9c0cdbde9f18,train,75,fpb:d09b9c0cdbde9f18
fpb:d0a4a8522b970757,train,all,fpb:d0a4a8522b970757
fpb:d0c330cd85bc2e48,train,66,fpb:d0c330cd85bc2e48
fpb:d0d36c1369f48464,train,66,fpb:d0d36c1369f48464
fpb:d0fa5885b58498a4,train,50,fpb:d0fa5885b58498a4
fpb:d11a771c04508f34,train,50,fpb:d11a771c04508f34
fpb:d11bd8fb6ded86dc,train,all,fpb:d11bd8fb6ded86dc
fpb:d11d571c829f1fa0,test,66,fpb:d11d571c829f1fa0
fpb:d11eebbb7c5a0b01,train,all,fpb:d11eebbb7c5a0b01
fpb:d121363f687a9c61,test,all,fpb:d121363f687a9c61
fpb:d127ae13cbd30b0e,train,all,fpb:d127ae13cbd30b0e
fpb:d13850c2e8cf1f73,train,66,fpb:d13850c2e8cf1f73
fpb:d13e6b30383f63aa,train,all,fpb:d13e6b30383f63aa
fpb:d18f59334baf6528,test,all,fpb:d18f59334baf6528
fpb:d194721bcd923d51,train,all,fpb:d194721bcd923d51
fpb:d19e4149d40d84eb,train,75,fpb:d19e4149d40d84eb
fpb:d1adf82e3a6ad459,test,all,fpb:d1adf82e3a6ad459
fpb:d1edaae65564bf9c,train,all,fpb:d1edaae65564bf9c
fpb:d1ee276fa5ec0f46,train,all,fpb:d1ee276fa5ec0f46
fpb:d207ee6b394eb330,dev,all,fpb:d207ee6b394eb330
fpb:d207f839af6cd1bc,train,50,fpb:d207f839af6cd1bc
fpb:d22f925b118af847,test,all,fpb:d22f925b118af847
fpb:d23d2569709b7b55,train,all,fpb:d23d2569709b7b55
fpb:d2470ab17a872866,test,all,fpb:d2470ab17a872866
fpb:d261b3f390eaabf8,train,75,fpb:d261b3f390eaabf8
fpb:d265f13516187597,train,all,fpb:d265f13516187597
fpb:d267dbe4288e7f5d,train,66,fpb:d267dbe4288e7f5d
fpb:d28655f5af37ff98,dev,50,fpb:d28655f5af37ff98
fpb:d28d4dcd9ba1b644,train,all,fpb:d28d4dcd9ba1b644
fpb:d296a6eb751fa15e,train,all,fpb:d296a6eb751fa15e
fpb:d2b699a863bfcfd1,dev,75,fpb:d2b699a863bfcfd1
fpb:d2bbde96959626f8,test,50,fpb:d2bbde96959626f8
fpb:d2d2a2c8207b46bc,train,all,fpb:6f34951d2f233963
fpb:d2d840edd10c154b,dev,50,fpb:d2d840edd10c154b
fpb:d2e34c08d9d50d08,test,all,fpb:d2e34c08d9d50d08
fpb:d2f5b88ad2a37c90,train,all,fpb:d2f5b88ad2a37c90
fpb:d3028249a5eaf0ed,train,50,fpb:d3028249a5eaf0ed
fpb:d316f68225593eaa,train,75,fpb:d316f68225593eaa
fpb:d339acf68cfc550e,train,66,fpb:d339acf68cfc550e
fpb:d346f37da65a426f,test,all,fpb:d346f37da65a426f
fpb:d36ab441e32ad10d,train,all,fpb:d36ab441e32ad10d
fpb:d3841d9679c35032,train,all,fpb:d3841d9679c35032
fpb:d397454a6ada556f,train,all,fpb:d397454a6ada556f
fpb:d3a4115a5f543cfe,train,75,fpb:d3a4115a5f543cfe
fpb:d3a9cb7812e25066,test,66,fpb:d3a9cb7812e25066
fpb:d3b01406b5c6c3ef,train,50,fpb:d3b01406b5c6c3ef
fpb:d3ba346dcc73dd22,train,66,fpb:d3ba346dcc73dd22
fpb:d3ca7ea82978ccdb,train,all,fpb:d3ca7ea82978ccdb
fpb:d3cbbead966f56ac,train,all,fpb:d3cbbead966f56ac
fpb:d3cc24688f0874b2,test,66,fpb:d3cc24688f0874b2
fpb:d3d569dccb0b1f55,dev,all,fpb:d3d569dccb0b1f55
fpb:d4055db570dde0cb,dev,all,fpb:d4055db570dde0cb
fpb:d416b664c3c38838,test,75,fpb:d416b664c3c38838
fpb:d42232878a13a5a9,train,50,fpb:d42232878a13a5a9
fpb:d428981b0bf36e5e,train,all,fpb:d428981b0bf36e5e
fpb:d4452fd49f47cf1f,train,all,fpb:d4452fd49f47cf1f
fpb:d44787cbd9af5f8d,dev,66,fpb:d44787cbd9af5f8d
fpb:d465c3317ef32b5f,train,50,fpb:d465c3317ef32b5f
fpb:d471c58943860de2,dev,50,fpb:d471c58943860de2
fpb:d49047ccd65da261,train,66,fpb:d49047ccd65da261
fpb:d4952a85d7100112,train,all,fpb:d4952a85d7100112
fpb:d4a3008cb910b192,train,all,fpb:d4a3008cb910b192
fpb:d4a49548fb75bc9c,train,75,fpb:d4a49548fb75bc9c
fpb:d4a732296565c755,test,all,fpb:d4a732296565c755
fpb:d4b3d51ee77eaa61,dev,50,fpb:d4b3d51ee77eaa61
fpb:d4b53d5fabef65d1,train,75,fpb:d4b53d5fabef65d1
fpb:d4bf4433bad55146,train,50,fpb:d4bf4433bad55146
fpb:d4d59b24788772ee,train,50,fpb:d4d59b24788772ee
fpb:d4f31f0527b0e271,train,all,fpb:d4f31f0527b0e271
fpb:d510eb96877dba2a,test,all,fpb:d510eb96877dba2a
fpb:d51b08a94c1adc9f,train,all,fpb:d51b08a94c1adc9f
fpb:d54b9ff38949406c,train,all,fpb:d54b9ff38949406c
fpb:d553d79dd6b155fa,test,all,fpb:d553d79dd6b155fa
fpb:d56ea0472502984f,train,all,fpb:d56ea0472502984f
fpb:d57664c7b31a2200,dev,all,fpb:d57664c7b31a2200
fpb:d57929bb0fcd470d,train,all,fpb:d57929bb0fcd470d
fpb:d589adf45ba61c8b,train,all,fpb:d589adf45ba61c8b
fpb:d594de9104ca37d7,train,all,fpb:d594de9104ca37d7
fpb:d59a4ba8b4b91b3b,train,75,fpb:d59a4ba8b4b91b3b
fpb:d59d339bc4e7bb8a,train,all,fpb:d59d339bc4e7bb8a
fpb:d5ab9916b9b48f91,train,75,fpb:d5ab9916b9b48f91
fpb:d5b965139112975d,train,66,fpb:d5b965139112975d
fpb:d5c02774cf3838d2,train,50,fpb:d5c02774cf3838d2
fpb:d5d3a161a22ee5a1,train,all,fpb:d5d3a161a22ee5a1
fpb:d5e277eeca50b24b,dev,all,fpb:d5e277eeca50b24b
fpb:d5e398499193b7c6,dev,all,fpb:d5e398499193b7c6
fpb:d5fb46ab29d270d2,train,all,fpb:d5fb46ab29d270d2
fpb:d5fc44fcfc038fa6,dev,66,fpb:d5fc44fcfc038fa6
fpb:d60ba446811ba7c9,train,75,fpb:d60ba446811ba7c9
fpb:d632014afdf733cc,test,all,fpb:d632014afdf733cc
fpb:d6376989b88fb86c,train,50,fpb:d6376989b88fb86c
fpb:d64103d2ed620467,train,66,fpb:d64103d2ed620467
fpb:d6629627d445089a,test,50,fpb:d6629627d445089a
fpb:d666c7c92ee9209a,train,75,fpb:d666c7c92ee9209a
fpb:d6781f3ba64dc154,train,all,fpb:d6781f3ba64dc154
fpb:d6804b9eb680c60a,test,all,fpb:d6804b9eb680c60a
fpb:d687bc444adae4fe,train,all,fpb:d687bc444adae4fe
fpb:d6be8228984667ab,train,all,fpb:d6be8228984667ab
fpb:d6d0796978628854,train,75,fpb:d6d0796978628854
fpb:d6e1ded9939c5c4e,train,75,fpb:d6e1ded9939c5c4e
fpb:d7227de9dc4db3a3,test,75,fpb:d7227de9dc4db3a3
fpb:d731543cbc3b5a51,test,66,fpb:d731543cbc3b5a51
fpb:d738b41d302386b5,test,75,fpb:d738b41d302386b5
fpb:d74b41213338ae8d,train,50,fpb:d74b41213338ae8d
fpb:d7583ee59b35ce64,train,66,fpb:d7583ee59b35ce64
fpb:d76490ef32312fd7,train,66,fpb:2bb4735d4cd21308
fpb:d780e38c92b3b8bf,dev,66,fpb:d780e38c92b3b8bf
fpb:d78c2f627d74b03f,train,66,fpb:d78c2f627d74b03f
fpb:d7934b5172ef2bd1,train,all,fpb:ac21622e694e9ce7
fpb:d79dd1f4c71e70b5,train,75,fpb:d79dd1f4c71e70b5
fpb:d7a9831d6b397e2d,train,75,fpb:d7a9831d6b397e2d
fpb:d7dc0f78fc9c2597,train,all,fpb:d7dc0f78fc9c2597
fpb:d7e152f553021db6,train,all,fpb:d7e152f553021db6
fpb:d7e5d853ec9184d5,train,all,fpb:d7e5d853ec9184d5
fpb:d7eb52f280bcfb05,train,66,fpb:d7eb52f280bcfb05
fpb:d7ebc69090fb9831,dev,all,fpb:d7ebc69090fb9831
fpb:d7eef91c80ce4d03,dev,75,fpb:d7eef91c80ce4d03
fpb:d7f54249f73e9527,train,all,fpb:d7f54249f73e9527
fpb:d7fd1b9a1e389db3,train,66,fpb:d7fd1b9a1e389db3
fpb:d8048258d0510d7d,train,all,fpb:d8048258d0510d7d
fpb:d8152ab1bb01b209,train,all,fpb:d8152ab1bb01b209
fpb:d82e361c51591f0a,dev,all,fpb:7c9cd8edb9174636
fpb:d82e48f596a5d560,train,all,fpb:d82e48f596a5d560
fpb:d836312eb164b791,train,all,fpb:d836312eb164b791
fpb:d8365011db9f9b44,train,all,fpb:d8365011db9f9b44
fpb:d849fc62ec546098,train,all,fpb:d849fc62ec546098
fpb:d85d9cee56367093,train,all,fpb:d85d9cee56367093
fpb:d876b88e64b82520,train,50,fpb:d876b88e64b82520
fpb:d87786e2ac0e5f9c,train,all,fpb:d87786e2ac0e5f9c
fpb:d87db632acd90a4d,train,50,fpb:d87db632acd90a4d
fpb:d887e70b57f01db1,train,75,fpb:d887e70b57f01db1
fpb:d8a0d217b63ac248,train,75,fpb:d8a0d217b63ac248
fpb:d8a8f026aa48bce2,test,all,fpb:d8a8f026aa48bce2
fpb:d8bdfb8771176d35,train,75,fpb:d8bdfb8771176d35
fpb:d8d077c36e35940c,train,50,fpb:d8d077c36e35940c
fpb:d8eedba1ba2d1576,dev,66,fpb:d7ebc69090fb9831
fpb:d905793281198d81,train,all,fpb:d905793281198d81
fpb:d93423a530bd81e5,train,all,fpb:5461636b801a1e07
fpb:d95045313ea92066,train,66,fpb:d95045313ea92066
fpb:d951421b1d9e638b,train,all,fpb:d951421b1d9e638b
fpb:d96ed017eb69ff60,train,50,fpb:d96ed017eb69ff60
fpb:d972144763a319e6,test,all,fpb:d972144763a319e6
fpb:d97d2e375e40e427,train,all,fpb:d97d2e375e40e427
fpb:d98c5071e251f1eb,train,all,fpb:d98c5071e251f1eb
fpb:d9abaf51f4579784,train,all,fpb:d9abaf51f4579784
fpb:d9cbb057b3bc8fab,test,all,fpb:d9cbb057b3bc8fab
fpb:d9d2106208dec7df,train,all,fpb:d9d2106208dec7df
fpb:d9df0724c1882753,test,66,fpb:d9df0724c1882753
fpb:da0a6aeea98ef574,train,50,fpb:da0a6aeea98ef574
fpb:da0b52ae8194636e,train,75,fpb:da0b52ae8194636e
fpb:da0dc939ea8f4723,train,75,fpb:da0dc939ea8f4723
fpb:da0f5f8ea53fa892,test,75,fpb:da0f5f8ea53fa892
fpb:da2ff65cf4d006b5,train,50,fpb:da2ff65cf4d006b5
fpb:da3640a75cc817d3,train,50,fpb:da3640a75cc817d3
fpb:da3a6fa00a45fae3,dev,50,fpb:da3a6fa00a45fae3
fpb:da577d1420e11422,test,66,fpb:da577d1420e11422
fpb:da5c16824e17867f,train,all,fpb:da5c16824e17867f
fpb:da7866a0adb5dee5,train,75,fpb:da7866a0adb5dee5
fpb:da7a7fdfff8d2d77,train,50,fpb:da7a7fdfff8d2d77
fpb:da89bf7dfed70c59,train,75,fpb:da89bf7dfed70c59
fpb:da8c16855febf72e,train,all,fpb:da8c16855febf72e
fpb:da9f837c04c5b430,train,all,fpb:da9f837c04c5b430
fpb:daa4d0e545ab244a,dev,75,fpb:daa4d0e545ab244a
fpb:daacc9c47ac31ebd,train,all,fpb:daacc9c47ac31ebd
fpb:dab45ebe36c7753f,train,all,fpb:dab45ebe36c7753f
fpb:dab66968e52bbee3,train,50,fpb:dab66968e52bbee3
fpb:dac34b7094369bed,train,50,fpb:dac34b7094369bed
fpb:dae2c008a4e36848,train,66,fpb:dae2c008a4e36848
fpb:daf9c056b1467d4b,train,all,fpb:daf9c056b1467d4b
fpb:dafa761251a25a7d,train,50,fpb:dafa761251a25a7d
fpb:db04b5c743e96b5a,train,all,fpb:db04b5c743e96b5a
fpb:db095a09bb92259b,test,66,fpb:db095a09bb92259b
fpb:db0e4269ffad646f,train,50,fpb:db0e4269ffad646f
fpb:db30bb3ada621bce,test,75,fpb:db30bb3ada621bce
fpb:db40f0ef63fd6e81,train,50,fpb:05da9b496987d21b
fpb:db4b14230c374ec3,train,all,fpb:db4b14230c374ec3
fpb:db50770bbf5cc16e,train,all,fpb:db50770bbf5cc16e
fpb:db54a3309974ceff,test,75,fpb:db54a3309974ceff
fpb:db56410f1f1452c9,train,75,fpb:db56410f1f1452c9
fpb:db749a75fb3991eb,train,66,fpb:4ecb76e7fdc2cda2
fpb:db78d290c5745a22,train,all,fpb:db78d290c5745a22
fpb:db7cbb58cb8817f4,train,all,fpb:db7cbb58cb8817f4
fpb:db8c352bb44e7337,train,66,fpb:db8c352bb44e7337
fpb:db8cec63ddff5731,train,all,fpb:db8cec63ddff5731
fpb:dbb6d081e2f55712,train,66,fpb:dbb6d081e2f55712
fpb:dbb86bc17ed46c8b,train,all,fpb:dbb86bc17ed46c8b
fpb:dbd7985dadced62c,train,all,fpb:dbd7985dadced62c
fpb:dbdd2c01d6b379dc,train,all,fpb:dbdd2c01d6b379dc
fpb:dbe6cd79d9d8ec56,train,75,fpb:dbe6cd79d9d8ec56
fpb:dbec5e19071104c1,train,all,fpb:dbec5e19071104c1
fpb:dbf14b247831386f,test,75,fpb:dbf14b247831386f
fpb:dbf3152c44748c05,train,75,fpb:dbf3152c44748c05
fpb:dbf9ebb0970084b4,test,50,fpb:dbf9ebb0970084b4
fpb:dbfd37f95449785a,train,all,fpb:dbfd37f95449785a
fpb:dc0b5b1ce21e85be,test,all,fpb:dc0b5b1ce21e85be
fpb:dc1225aa7fabd28c,train,all,fpb:dc1225aa7fabd28c
fpb:dc1454314ad3c785,train,66,fpb:dc1454314ad3c785
fpb:dc1d6948dbf0cea8,test,all,fpb:dc1d6948dbf0cea8
fpb:dc2a120dcb7e78fe,test,66,fpb:dc2a120dcb7e78fe
fpb:dc2edc3324dddeb6,test,75,fpb:dc2edc3324dddeb6
fpb:dc34f6023fd3bd4b,dev,75,fpb:dc34f6023fd3bd4b
fpb:dc3beecefb15bb34,train,all,fpb:dc3beecefb15bb34
fpb:dc413392691893ac,train,66,fpb:dc413392691893ac
fpb:dc49f4f94a381b22,dev,all,fpb:dc49f4f94a381b22
fpb:dc52241cd2cdd6e2,train,75,fpb:dc52241cd2cdd6e2
fpb:dc68bf2858dd2f6b,test,75,fpb:dc68bf2858dd2f6b
fpb:dc74d583fdd21c1f,train,75,fpb:dc74d583fdd21c1f
fpb:dc97dbdf233ea5b1,test,all,fpb:dc97dbdf233ea5b1
fpb:dc99ddb1f4489009,test,75,fpb:dc99ddb1f4489009
fpb:dc9cafa377d645f3,train,66,fpb:dc9cafa377d645f3
fpb:dcb26e1781233745,train,all,fpb:dcb26e1781233745
fpb:dcb85252b4e57c0b,dev,75,fpb:dcb85252b4e57c0b
fpb:dcd0a02e792fad2b,train,all,fpb:dcd0a02e792fad2b
fpb:dcd9eed838ff8eba,train,50,fpb:dcd9eed838ff8eba
fpb:dce0439ca3d8295f,train,50,fpb:dce0439ca3d8295f
fpb:dce7c84a73f951d3,test,all,fpb:dce7c84a73f951d3
fpb:dcfb1218d239a8b3,train,75,fpb:dcfb1218d239a8b3
fpb:dcfe132153dc4c89,train,75,fpb:dcfe132153dc4c89
fpb:dd034452c65c8bf7,dev,66,fpb:dd034452c65c8bf7
fpb:dd102766eadf8080,train,75,fpb:dd102766eadf8080
fpb:dd1a6db4b1138cca,dev,75,fpb:dd1a6db4b1138cca
fpb:dd2e7c86e67f0cd5,test,75,fpb:dd2e7c86e67f0cd5
fpb:dd404719c4d9372f,test,50,fpb:dd404719c4d9372f
fpb:dd4cb756d2857eac,train,all,fpb:dd4cb756d2857eac
fpb:dd4dc0cdbcd2f834,test,75,fpb:dd4dc0cdbcd2f834
fpb:dd53622d0a3e996f,train,all,fpb:dd53622d0a3e996f
fpb:dd699c9b8eff21ff,train,66,fpb:dd699c9b8eff21ff
fpb:dd71cb37d1858d47,train,all,fpb:dd71cb37d1858d47
fpb:dd74b98fc12c76a7,train,all,fpb:dd74b98fc12c76a7
fpb:dd9593055f0c0f0d,train,all,fpb:dd9593055f0c0f0d
fpb:dda662edb193911b,train,all,fpb:dda662edb193911b
fpb:ddaad701988c3254,test,all,fpb:ddaad701988c3254
fpb:ddac18d567fa6d33,train,all,fpb:ddac18d567fa6d33
fpb:ddba8ad60af04445,dev,all,fpb:565f4a318aafa9e0
fpb:ddbb72a6717cfafb,train,75,fpb:ddbb72a6717cfafb
fpb:ddbc9ee9a6ed5668,train,all,fpb:ddbc9ee9a6ed5668
fpb:ddbcff3e5511432d,train,all,fpb:ddbcff3e5511432d
fpb:ddc0de643d3334e0,train,all,fpb:ddc0de643d3334e0
fpb:ddc5a8079160262f,train,all,fpb:ddc5a8079160262f
fpb:de0ef8739ca709b5,train,66,fpb:de0ef8739ca709b5
fpb:de1f104508608d95,train,75,fpb:de1f104508608d95
fpb:de202fcee5b1492d,dev,all,fpb:de202fcee5b1492d
fpb:de3911996da02a17,test,all,fpb:de3911996da02a17
fpb:de490e851c01207d,train,all,fpb:de490e851c01207d
fpb:de4e934a780d91a9,train,all,fpb:de4e934a780d91a9
fpb:de54e54cfefc3018,train,all,fpb:de54e54cfefc3018
fpb:de60055056b8043a,train,all,fpb:de60055056b8043a
fpb:de613362d67ca930,test,all,fpb:de613362d67ca930
fpb:de78823b7e0db4dc,dev,all,fpb:de78823b7e0db4dc
fpb:de931862bbcaac2b,train,50,fpb:de931862bbcaac2b
fpb:de9c06f9b585a562,train,50,fpb:de9c06f9b585a562
fpb:dea20007bd5eabb1,train,50,fpb:dea20007bd5eabb1
fpb:dea4c5bc6296d1a5,train,all,fpb:dea4c5bc6296d1a5
fpb:dea8558e2eef4f0e,dev,75,fpb:dea8558e2eef4f0e
fpb:deac326812f1eb4d,train,all,fpb:deac326812f1eb4d
fpb:ded7b42d2cfbb052,test,all,fpb:ded7b42d2cfbb052
fpb:deef1350689ddf5a,train,75,fpb:deef1350689ddf5a
fpb:def1d7587b2c0c81,train,75,fpb:def1d7587b2c0c81
fpb:def36bcb7fb6efdb,train,all,fpb:def36bcb7fb6efdb
fpb:df056f2a35c21aea,train,50,fpb:df056f2a35c21aea
fpb:df0b1ccd7bf4fec0,train,66,fpb:df0b1ccd7bf4fec0
fpb:df11b4fc8dd9362a,test,50,fpb:df11b4fc8dd9362a
fpb:df18fa5d4858c97c,train,66,fpb:df18fa5d4858c97c
fpb:df3064ae6cadf2b0,train,75,fpb:df3064ae6cadf2b0
fpb:df373e1e02ef7dfa,dev,all,fpb:df373e1e02ef7dfa
fpb:df57c65a7c3090c4,train,all,fpb:df57c65a7c3090c4
fpb:df65ae47d1e10ac8,train,66,fpb:df65ae47d1e10ac8
fpb:df70dc5f823da224,train,75,fpb:df70dc5f823da224
fpb:df77768347abe4b7,train,75,fpb:df77768347abe4b7
fpb:df7b0c7028e83f50,train,all,fpb:df7b0c7028e83f50
fpb:df8d6fa1a6caf658,train,75,fpb:df8d6fa1a6caf658
fpb:df920277cc5df1aa,dev,all,fpb:df920277cc5df1aa
fpb:df92ea50906da838,train,75,fpb:df92ea50906da838
fpb:df9377104d9e7f9a,train,75,fpb:df9377104d9e7f9a
fpb:df974c96f6eb64f4,dev,all,fpb:df974c96f6eb64f4
fpb:df9bd3e18384d7e0,train,all,fpb:df92ea50906da838
fpb:df9e9e97cf9a71b4,train,all,fpb:6cb4e3793dd5b89a
fpb:dfad9980fd5064be,train,all,fpb:dfad9980fd5064be
fpb:dfb33d5162c6ac5e,train,all,fpb:dfb33d5162c6ac5e
fpb:dfc1eaf8ea09eb89,train,66,fpb:dfc1eaf8ea09eb89
fpb:dfc3f04e3d05c07d,test,all,fpb:dfc3f04e3d05c07d
fpb:dfd53d70d3694e99,train,all,fpb:dfd53d70d3694e99
fpb:dfe34e68bd02d1d6,train,all,fpb:dfe34e68bd02d1d6
fpb:e021bf879d1f037a,dev,all,fpb:e021bf879d1f037a
fpb:e024e01efb8441f6,train,50,fpb:e024e01efb8441f6
fpb:e0252e5fd47dbff5,test,66,fpb:e0252e5fd47dbff5
fpb:e030011b5138dce5,test,75,fpb:e030011b5138dce5
fpb:e0500f78bb0ef9c9,test,50,fpb:e0500f78bb0ef9c9
fpb:e0589328caa1676f,train,75,fpb:e0589328caa1676f
fpb:e05cd58388d803fa,dev,all,fpb:e05cd58388d803fa
fpb:e0634456d909759a,train,75,fpb:e0634456d909759a
fpb:e067eb8fadcf18e0,dev,66,fpb:e067eb8fadcf18e0
fpb:e069d9c2128f869c,train,all,fpb:e069d9c2128f869c
fpb:e07402bec4f72ce0,test,66,fpb:e07402bec4f72ce0
fpb:e07afbe69c451b44,test,all,fpb:e07afbe69c451b44
fpb:e0908202c3a6c55a,dev,75,fpb:e0908202c3a6c55a
fpb:e094d2c0c924151a,train,all,fpb:e094d2c0c924151a
fpb:e09552903afdb97b,train,66,fpb:e09552903afdb97b
fpb:e0a28616cc4a827b,train,all,fpb:e0a28616cc4a827b
fpb:e0aced5bd16c5947,train,75,fpb:e0aced5bd16c5947
fpb:e0b026299f89e344,train,66,fpb:e0b026299f89e344
fpb:e0b5a90509d2b507,train,all,fpb:e0b5a90509d2b507
fpb:e0c2ad126755e41f,train,all,fpb:e0c2ad126755e41f
fpb:e0d82eff2db2d930,train,all,fpb:e0d82eff2db2d930
fpb:e0d88e12e0ebd9a1,test,75,fpb:e0d88e12e0ebd9a1
fpb:e0d9e970560941a3,test,75,fpb:e0d9e970560941a3
fpb:e10e53db40f114e6,train,66,fpb:e10e53db40f114e6
fpb:e11dec81075143de,train,all,fpb:e11dec81075143de
fpb:e1253766a4874f5d,train,all,fpb:e1253766a4874f5d
fpb:e1414c5d75e08b17,test,66,fpb:e1414c5d75e08b17
fpb:e14d0fe939c3ab87,dev,50,fpb:e14d0fe939c3ab87
fpb:e15157b0ec39bdae,train,50,fpb:e15157b0ec39bdae
fpb:e16c7ca4150bfdc6,dev,all,fpb:e16c7ca4150bfdc6
fpb:e171f289f0a10d79,train,all,fpb:e171f289f0a10d79
fpb:e172267adb871c7f,dev,50,fpb:e172267adb871c7f
fpb:e18c88f85b1d3480,dev,66,fpb:e18c88f85b1d3480
fpb:e1984ca5731a0e48,train,50,fpb:e1984ca5731a0e48
fpb:e1a72dabe446bfc4,train,50,fpb:e1a72dabe446bfc4
fpb:e1b2057c616bc4dd,train,50,fpb:e1b2057c616bc4dd
fpb:e1b50578367df0cd,train,75,fpb:e1b50578367df0cd
fpb:e1c99126f40ddeed,train,all,fpb:e1c99126f40ddeed
fpb:e1da3ee0daeb5166,train,all,fpb:e1da3ee0daeb5166
fpb:e1f0da202842d9e0,test,75,fpb:e1f0da202842d9e0
fpb:e21c71e53ba7be28,train,50,fpb:e21c71e53ba7be28
fpb:e224e1d995739ae8,train,all,fpb:e224e1d995739ae8
fpb:e22b44236e3b26d3,test,75,fpb:e22b44236e3b26d3
fpb:e2401ada3dd1b64f,test,all,fpb:e2401ada3dd1b64f
fpb:e25b56a6ae81897e,train,all,fpb:e25b56a6ae81897e
fpb:e25e088034144af6,dev,all,fpb:e25e088034144af6
fpb:e261c07818618f29,test,all,fpb:e261c07818618f29
fpb:e263371944abb496,train,75,fpb:e263371944abb496
fpb:e26eaaa4c91af150,train,75,fpb:e26eaaa4c91af150
fpb:e274df6fb8608a92,train,66,fpb:e274df6fb8608a92
fpb:e298f2f8b2176f7a,dev,all,fpb:e298f2f8b2176f7a
fpb:e2a57fa755d9f437,train,all,fpb:e2a57fa755d9f437
fpb:e2a6d8aa408bdaed,train,66,fpb:e2a6d8aa408bdaed
fpb:e2b9117c6c8cd7b2,train,all,fpb:e2b9117c6c8cd7b2
fpb:e2c883f935aef11e,dev,50,fpb:e2c883f935aef11e
fpb:e2cca621f5c06b7b,dev,all,fpb:e2cca621f5c06b7b
fpb:e2e2a26ece559c5f,test,all,fpb:e2e2a26ece559c5f
fpb:e2e8d0d16fc8b1fa,train,75,fpb:e2e8d0d16fc8b1fa
fpb:e2ea15794d4726bf,dev,all,fpb:e2ea15794d4726bf
fpb:e300a9e10a9c41a7,test,75,fpb:e300a9e10a9c41a7
fpb:e33d71b7658582c7,test,75,fpb:e33d71b7658582c7
fpb:e35bdc678081ed9e,train,all,fpb:e35bdc678081ed9e
fpb:e3623bb7f480f79a,train,all,fpb:e3623bb7f480f79a
fpb:e369f5c12d2055c0,train,all,fpb:e369f5c12d2055c0
fpb:e37e606c9bacb4a4,train,66,fpb:e37e606c9bacb4a4
fpb:e381dee2599d31ed,train,all,fpb:e381dee2599d31ed
fpb:e385206a06921a84,train,75,fpb:e385206a06921a84
fpb:e3877d78d0c3cb6a,dev,66,fpb:e3877d78d0c3cb6a
fpb:e3996141212505e2,train,75,fpb:e3996141212505e2
fpb:e39e4122c39fd165,train,50,fpb:e39e4122c39fd165
fpb:e3a4bbcc0d092025,train,75,fpb:217919455f7b1032
fpb:e3befd579c539031,train,all,fpb:e3befd579c539031
fpb:e3d24caa519ee829,test,66,fpb:e3d24caa519ee829
fpb:e3de8c8a382c3611,test,all,fpb:e3de8c8a382c3611
fpb:e3e653ea82a47699,test,all,fpb:e3e653ea82a47699
fpb:e3e85db75e516391,train,75,fpb:e3e85db75e516391
fpb:e3f3f4cb6e600474,dev,all,fpb:e3f3f4cb6e600474
fpb:e3fca63663bb6390,train,all,fpb:e3fca63663bb6390
fpb:e406b4b37e847f78,train,75,fpb:e406b4b37e847f78
fpb:e40b799112fb9d25,train,all,fpb:e40b799112fb9d25
fpb:e40f15c1e1e251bf,train,75,fpb:e40f15c1e1e251bf
fpb:e414028139e8c039,train,all,fpb:e414028139e8c039
fpb:e41951b9f57969a8,test,all,fpb:e41951b9f57969a8
fpb:e41ce2953e8a7849,train,66,fpb:e41ce2953e8a7849
fpb:e42a545ab0743f09,dev,50,fpb:e42a545ab0743f09
fpb:e45f6d9b9bf57550,train,all,fpb:e45f6d9b9bf57550
fpb:e46c8cfcbc45206a,train,all,fpb:e46c8cfcbc45206a
fpb:e47024897a040012,dev,all,fpb:e47024897a040012
fpb:e477cb974b0dd728,train,all,fpb:e477cb974b0dd728
fpb:e47cc1c0014b055a,train,50,fpb:e47cc1c0014b055a
fpb:e48bc199f908eb8c,train,75,fpb:e48bc199f908eb8c
fpb:e48c1d006dec550b,train,all,fpb:e48c1d006dec550b
fpb:e4a236ab7ebc73c9,train,all,fpb:e4a236ab7ebc73c9
fpb:e4a67a066b6ea5f6,train,all,fpb:e4a67a066b6ea5f6
fpb:e4b00311f736607f,train,all,fpb:e4b00311f736607f
fpb:e4c7a4a054a62e03,train,50,fpb:e4c7a4a054a62e03
fpb:e4cbca0533f5a5a1,train,75,fpb:e4cbca0533f5a5a1
fpb:e4dfc2b3f9535296,train,50,fpb:e4dfc2b3f9535296
fpb:e4e4007e492d6580,test,all,fpb:e4e4007e492d6580
fpb:e5044d1f7f51c16e,test,all,fpb:e5044d1f7f51c16e
fpb:e5229c3c3d0d947b,test,all,fpb:e5229c3c3d0d947b
fpb:e530d875b6602dde,test,all,fpb:e530d875b6602dde
fpb:e535e84b81c73823,train,66,fpb:e535e84b81c73823
fpb:e53e96f0a72110b4,train,75,fpb:e53e96f0a72110b4
fpb:e544b6cff744df75,test,50,fpb:e544b6cff744df75
fpb:e55eddbfb28e6e24,test,66,fpb:e55eddbfb28e6e24
fpb:e5826f89973920c6,train,75,fpb:92a1dde05f9251a6
fpb:e587c5a180c396c0,train,all,fpb:e587c5a180c396c0
fpb:e59eb03830546beb,train,all,fpb:e59eb03830546beb
fpb:e5b8d96f8a8d6203,train,50,fpb:e5b8d96f8a8d6203
fpb:e5d2848f956b31af,train,75,fpb:e5d2848f956b31af
fpb:e5d637b242e77137,dev,all,fpb:e5d637b242e77137
fpb:e5da8a22958495be,train,75,fpb:e5da8a22958495be
fpb:e5e2917c809cffe5,train,75,fpb:e5e2917c809cffe5
fpb:e5e9855a7fb59499,test,all,fpb:e5e9855a7fb59499
fpb:e5eff41132631b4c,train,66,fpb:e5eff41132631b4c
fpb:e5effe8034a2bd84,train,all,fpb:e5effe8034a2bd84
fpb:e5f6b2781dbbe9df,train,50,fpb:e5f6b2781dbbe9df
fpb:e6000d35bd401b9a,test,all,fpb:e6000d35bd401b9a
fpb:e63139e6abab4339,dev,75,fpb:e63139e6abab4339
fpb:e6405d32e5f3f3db,test,all,fpb:e6405d32e5f3f3db
fpb:e64a7f5fdd33934c,train,75,fpb:e64a7f5fdd33934c
fpb:e658b0189d3c10d7,dev,66,fpb:e658b0189d3c10d7
fpb:e674c2cefcdf6753,train,all,fpb:e674c2cefcdf6753
fpb:e692fe89b8926c04,train,all,fpb:e692fe89b8926c04
fpb:e69d30d027245c87,dev,all,fpb:e69d30d027245c87
fpb:e69d61be870dd73e,train,66,fpb:e69d61be870dd73e
fpb:e6ac5885a803ff84,test,50,fpb:e6ac5885a803ff84
fpb:e6c992bb11b5b676,train,75,fpb:e6c992bb11b5b676
fpb:e6d3646da9d9a717,train,all,fpb:e6d3646da9d9a717
fpb:e6d3b50023ba1e1c,test,66,fpb:e6d3b50023ba1e1c
fpb:e6d7832d41a1a4cf,train,66,fpb:e6d7832d41a1a4cf
fpb:e6ec24ce67c15e7d,train,all,fpb:e6ec24ce67c15e7d
fpb:e7001563c52edcda,train,all,fpb:e7001563c52edcda
fpb:e722d734e08ddaf4,train,75,fpb:e722d734e08ddaf4
fpb:e73c862a251b74be,train,50,fpb:e73c862a251b74be
fpb:e748e667b621e1e0,train,75,fpb:e748e667b621e1e0
fpb:e75ba5c9f4904e2c,train,all,fpb:e75ba5c9f4904e2c
fpb:e75f6d3b6586cb69,train,75,fpb:e75f6d3b6586cb69
fpb:e76268274ff9f79a,dev,all,fpb:e76268274ff9f79a
fpb:e77bcc187e16a041,test,all,fpb:e77bcc187e16a041
fpb:e77ea43a199e08e7,train,all,fpb:e77ea43a199e08e7
fpb:e7872d864781b639,dev,all,fpb:e7872d864781b639
fpb:e787c6578e3bd1a0,train,75,fpb:e787c6578e3bd1a0
fpb:e7918c890794e0aa,train,50,fpb:e7918c890794e0aa
fpb:e79922b45514509a,train,all,fpb:e79922b45514509a
fpb:e799d306ca038618,test,75,fpb:e799d306ca038618
fpb:e7af6cd57bae56b4,train,all,fpb:e7af6cd57bae56b4
fpb:e7ca2c18914fe001,test,50,fpb:e7ca2c18914fe001
fpb:e7d5a0fb25b73581,dev,all,fpb:e7d5a0fb25b73581
fpb:e7ee64cd5df5a3d5,train,all,fpb:e7ee64cd5df5a3d5
fpb:e8165e56536e3c15,test,66,fpb:e8165e56536e3c15
fpb:e8170ea9e4b1f7b1,train,50,fpb:e8170ea9e4b1f7b1
fpb:e826f24e6fd488bb,train,all,fpb:e826f24e6fd488bb
fpb:e8304eeddfe06b92,train,75,fpb:e8304eeddfe06b92
fpb:e833d21256a1f0d4,train,75,fpb:e833d21256a1f0d4
fpb:e83b5bf2331558d5,train,50,fpb:e83b5bf2331558d5
fpb:e84e1defb6f8e561,train,66,fpb:e84e1defb6f8e561
fpb:e8581e2a66630fe3,train,66,fpb:e8581e2a66630fe3
fpb:e859f2591fdd2720,train,50,fpb:e859f2591fdd2720
fpb:e862c1d41396eacb,train,50,fpb:e862c1d41396eacb
fpb:e87901a8ff17f72c,train,50,fpb:e87901a8ff17f72c
fpb:e87deb0251c1fddb,test,66,fpb:e87deb0251c1fddb
fpb:e8806944f348ed46,train,75,fpb:e8806944f348ed46
fpb:e88e00350858e415,train,50,fpb:e88e00350858e415
fpb:e893bab42cd6b556,train,66,fpb:e893bab42cd6b556
fpb:e8b2b1d2298ae44c,train,all,fpb:363dd22a1fb5375c
fpb:e8b2caa1aea5675b,train,75,fpb:e8b2caa1aea5675b
fpb:e8c23bd5228cca9e,test,75,fpb:e8c23bd5228cca9e
fpb:e8d3310ebbe23e0f,test,50,fpb:e8d3310ebbe23e0f
fpb:e8d84554efc8631f,train,all,fpb:e8d84554efc8631f
fpb:e8dd708f1c78eeb6,train,66,fpb:e8dd708f1c78eeb6
fpb:e8e0c4113cb42556,train,50,fpb:e8e0c4113cb42556
fpb:e8e368ffde3a493a,train,75,fpb:e8e368ffde3a493a
fpb:e8eed34b1f1d8c1c,train,75,fpb:e8eed34b1f1d8c1c
fpb:e8fab086738cd311,train,50,fpb:e8fab086738cd311
fpb:e92975f8353a39d2,train,all,fpb:e92975f8353a39d2
fpb:e935bac6f6656b4a,train,75,fpb:e935bac6f6656b4a
fpb:e939910eaf60b548,train,all,fpb:e939910eaf60b548
fpb:e93a4e87d144d6b9,train,75,fpb:e93a4e87d144d6b9
fpb:e93caa45c5caaacc,train,50,fpb:e93caa45c5caaacc
fpb:e94e8faaa50607dd,train,75,fpb:e94e8faaa50607dd
fpb:e95d7cd6de5a00fc,train,66,fpb:e95d7cd6de5a00fc
fpb:e9690f23eb27f082,train,50,fpb:e9690f23eb27f082
fpb:e96f0f01e893e9f7,train,50,fpb:e96f0f01e893e9f7
fpb:e9801c42882c4035,train,all,fpb:c4e6baf02007c35a
fpb:e989007bd7f152e5,train,all,fpb:e989007bd7f152e5
fpb:e99e2689d3a63e70,dev,66,fpb:e99e2689d3a63e70
fpb:e9a438afd1694184,train,75,fpb:e9a438afd1694184
fpb:e9a69930f5c98894,train,all,fpb:e9a69930f5c98894
fpb:e9a9adb3386b7f26,train,all,fpb:e9a9adb3386b7f26
fpb:e9b1c639ea0d19da,train,all,fpb:e9b1c639ea0d19da
fpb:e9b96303fdbf84e3,test,75,fpb:e9b96303fdbf84e3
fpb:e9bbd38e27fc4782,train,50,fpb:e9bbd38e27fc4782
fpb:e9c5828dcd04fc66,test,all,fpb:e9c5828dcd04fc66
fpb:e9cdcba34d66d92d,train,75,fpb:e9cdcba34d66d92d
fpb:e9d1b9acb05b3b55,train,all,fpb:e9d1b9acb05b3b55
fpb:e9d966c1ad2eabf6,train,all,fpb:e9d966c1ad2eabf6
fpb:e9ef264fae16f638,train,all,fpb:e9ef264fae16f638
fpb:ea314f2208aaa87c,train,all,fpb:ea314f2208aaa87c
fpb:ea349f66f5f655f6,test,75,fpb:ea349f66f5f655f6
fpb:ea4755a2393cc8d5,train,75,fpb:ea4755a2393cc8d5
fpb:ea5a828dc73c41ed,train,75,fpb:ea5a828dc73c41ed
fpb:ea721502f7851503,train,all,fpb:ea721502f7851503
fpb:ea77b1f97cb60b83,train,50,fpb:ea77b1f97cb60b83
fpb:ea7bc4fe8be91727,train,all,fpb:ea7bc4fe8be91727
fpb:ea88a2ff98f738af,train,75,fpb:ea88a2ff98f738af
fpb:ea96d1f6ca88e122,train,75,fpb:ea96d1f6ca88e122
fpb:ea9e950e547d5d3d,dev,75,fpb:ea9e950e547d5d3d
fpb:eaaa1e71d3aea47f,dev,50,fpb:eaaa1e71d3aea47f
fpb:eaac6a28c31f0e68,train,75,fpb:eaac6a28c31f0e68
fpb:eab155cc8310f352,train,all,fpb:eab155cc8310f352
fpb:eab333bebf3ad3ff,test,75,fpb:eab333bebf3ad3ff
fpb:eab56c19af101ba0,dev,66,fpb:eab56c19af101ba0
fpb:eac3b2ec1e18b9cf,train,66,fpb:eac3b2ec1e18b9cf
fpb:eac7e644e07c864c,train,66,fpb:eac7e644e07c864c
fpb:eacd427d233523bc,train,75,fpb:eacd427d233523bc
fpb:eacdcff462df498e,dev,75,fpb:eacdcff462df498e
fpb:eadf669b6e24cb9f,train,66,fpb:eadf669b6e24cb9f
fpb:eae57bf8457368bf,train,75,fpb:eae57bf8457368bf
fpb:eaecb90c719bcf9b,train,66,fpb:eaecb90c719bcf9b
fpb:eb0677f4df4e5156,train,75,fpb:eb0677f4df4e5156
fpb:eb0ce38ba6ec3930,train,all,fpb:eb0ce38ba6ec3930
fpb:eb24019e8393677a,train,all,fpb:eb24019e8393677a
fpb:eb2a83fc3b516ecc,dev,all,fpb:eb2a83fc3b516ecc
fpb:eb4d87fed9304133,test,66,fpb:eb4d87fed9304133
fpb:eb5d44af08fcbe8c,train,all,fpb:eb5d44af08fcbe8c
fpb:eb62ad53710d68ce,test,66,fpb:eb62ad53710d68ce
fpb:eb67c949b08a715a,dev,75,fpb:eb67c949b08a715a
fpb:eb6b06b392627d6c,dev,50,fpb:eb6b06b392627d6c
fpb:eb754f25bfbd5635,dev,all,fpb:eb754f25bfbd5635
fpb:eb78dbb8e514d981,test,all,fpb:eb78dbb8e514d981
fpb:eb7cc9609334fbb1,train,66,fpb:eb7cc9609334fbb1
fpb:eb93607aebe484f7,train,50,fpb:eb93607aebe484f7
fpb:eb94813a46f2743d,test,75,fpb:eb94813a46f2743d
fpb:eb999aad7c349472,test,50,fpb:eb999aad7c349472
fpb:eba63f639820e3c0,test,all,fpb:eba63f639820e3c0
fpb:eba9aa7cc2831555,train,all,fpb:eba9aa7cc2831555
fpb:ebaa278968874bdb,train,all,fpb:ebaa278968874bdb
fpb:ebb10aeca634746e,train,50,fpb:ebb10aeca634746e
fpb:ebc0b2f49937e305,train,50,fpb:ebc0b2f49937e305
fpb:ebfc08feaaf07a16,train,all,fpb:ebfc08feaaf07a16
fpb:ec138c1ed83cb5dd,train,75,fpb:ec138c1ed83cb5dd
fpb:ec181a6953a4762a,train,75,fpb:ec181a6953a4762a
fpb:ec289e08d3b98305,train,all,fpb:ec289e08d3b98305
fpb:ec4975b058bae8ac,train,all,fpb:ec4975b058bae8ac
fpb:ec4a32302eacd4f8,train,all,fpb:ec4a32302eacd4f8
fpb:ec60703b09bb4134,train,50,fpb:ec60703b09bb4134
fpb:ec8e8586e9333b48,test,75,fpb:ec8e8586e9333b48
fpb:ecb42cd52939f80f,train,75,fpb:ecb42cd52939f80f
fpb:ecc50d1a96505ea6,train,50,fpb:ecc50d1a96505ea6
fpb:ecd1076046930626,train,66,fpb:ecd1076046930626
fpb:ecd2eb9b00fa28e3,train,75,fpb:ecd2eb9b00fa28e3
fpb:ecdba179c6fe2e40,train,all,fpb:ecdba179c6fe2e40
fpb:ece2183620c1984c,test,all,fpb:ece2183620c1984c
fpb:ece2d233c0be60d0,train,66,fpb:ece2d233c0be60d0
fpb:ece950349dea10c7,train,75,fpb:ece950349dea10c7
fpb:eceb0f79d1e61d8c,train,66,fpb:eceb0f79d1e61d8c
fpb:ecf1b137a84a3134,test,all,fpb:ecf1b137a84a3134
fpb:ed0714480a2152ad,train,all,fpb:ed0714480a2152ad
fpb:ed0f455bd9a70994,train,all,fpb:ed0f455bd9a70994
fpb:ed17ebec9e388314,test,all,fpb:ed17ebec9e388314
fpb:ed25e1eeae735854,train,all,fpb:ed25e1eeae735854
fpb:ed2fbc87cebd49b7,train,50,fpb:ed2fbc87cebd49b7
fpb:ed3684d5782e1258,train,75,fpb:ed3684d5782e1258
fpb:ed3aa2f7dab13c82,train,66,fpb:ed3aa2f7dab13c82
fpb:ed43e4b8a4dd8171,test,75,fpb:ed43e4b8a4dd8171
fpb:ed4adc31dcfb838e,train,all,fpb:ed4adc31dcfb838e
fpb:ed5121a43a73743d,test,all,fpb:ed5121a43a73743d
fpb:ed554b0e52171209,train,50,fpb:ed554b0e52171209
fpb:ed700fc4a75e1cc2,test,75,fpb:ed700fc4a75e1cc2
fpb:ed764c8bcf30aa43,train,all,fpb:ed764c8bcf30aa43
fpb:ed838b1feb38cbd7,train,50,fpb:ed838b1feb38cbd7
fpb:ed847b0366825c5e,train,50,fpb:ed847b0366825c5e
fpb:ed853cb50a52ed9c,train,66,fpb:ed853cb50a52ed9c
fpb:ed860216acaa30a6,train,75,fpb:ed860216acaa30a6
fpb:edab2f3c67e83341,train,all,fpb:edab2f3c67e83341
fpb:edbafedd36a59469,test,50,fpb:edbafedd36a59469
fpb:edcec12effff65b8,train,all,fpb:edcec12effff65b8
fpb:eddda04b0b6e52c4,train,66,fpb:eddda04b0b6e52c4
fpb:edf2ea4b4ac5ecdd,test,all,fpb:edf2ea4b4ac5ecdd
fpb:ee05bc19bab69c3e,train,75,fpb:ee05bc19bab69c3e
fpb:ee05f48116263f6a,train,75,fpb:ee05f48116263f6a
fpb:ee10fe50f9b0f637,train,all,fpb:ee10fe50f9b0f637
fpb:ee1a1d742ceed06e,train,50,fpb:ee1a1d742ceed06e
fpb:ee1a1ef22d5f043c,train,66,fpb:ee1a1ef22d5f043c
fpb:ee2fa4da327cb18e,train,50,fpb:ee2fa4da327cb18e
fpb:ee30557b0a53ad68,train,all,fpb:ee30557b0a53ad68
fpb:ee3463536f174e6b,train,75,fpb:9f9503069fc486ad
fpb:ee3679487f134f61,test,75,fpb:ee3679487f134f61
fpb:ee86348cff254777,train,all,fpb:ee86348cff254777
fpb:ee8fdcab67f2b112,train,50,fpb:ee8fdcab67f2b112
fpb:eea2766696c74a46,train,all,fpb:eea2766696c74a46
fpb:eeab88c78fb8bda6,test,50,fpb:eeab88c78fb8bda6
fpb:eeb252fa35d5d234,train,75,fpb:eeb252fa35d5d234
fpb:eebb1ce9f8ea142a,test,all,fpb:eebb1ce9f8ea142a
fpb:eecb3621c6ad63b8,test,all,fpb:eecb3621c6ad63b8
fpb:eed74f0f5716a27e,test,75,fpb:eed74f0f5716a27e
fpb:eef6d9fb51452601,train,75,fpb:eef6d9fb51452601
fpb:eef87605e8a697d9,train,66,fpb:eef87605e8a697d9
fpb:eefdf82bd6aefbdf,test,all,fpb:eefdf82bd6aefbdf
fpb:ef0da49c619dbd4e,train,all,fpb:ef0da49c619dbd4e
fpb:ef1dedebc628016d,test,66,fpb:ef1dedebc628016d
fpb:ef20e88e7a5f2833,train,all,fpb:ef20e88e7a5f2833
fpb:ef233f7bcab6c126,train,75,fpb:ef233f7bcab6c126
fpb:ef33905953cc3cd7,test,all,fpb:ef33905953cc3cd7
fpb:ef499e379428fcd2,train,all,fpb:ef499e379428fcd2
fpb:ef4bed54d1d0007c,train,50,fpb:ef4bed54d1d0007c
fpb:ef4c031b5505774f,train,all,fpb:ef4c031b5505774f
fpb:ef54b1f3637d82eb,test,all,fpb:ef54b1f3637d82eb
fpb:ef56526f13e39daf,dev,75,fpb:ef56526f13e39daf
fpb:ef7fa0c801c7b45b,train,all,fpb:ef7fa0c801c7b45b
fpb:ef90632e71170fd3,train,all,fpb:ef90632e71170fd3
fpb:efabca75f0d9188e,test,all,fpb:efabca75f0d9188e
fpb:efb946eb2ea85264,train,all,fpb:efb946eb2ea85264
fpb:efc9ca1b846fe0d9,train,all,fpb:efc9ca1b846fe0d9
fpb:efcf97772aea945a,train,75,fpb:efcf97772aea945a
fpb:efcfff457f736f57,test,75,fpb:efcfff457f736f57
fpb:efd87662ada57ab7,dev,all,fpb:efd87662ada57ab7
fpb:efdccfb0d30323e2,dev,50,fpb:efdccfb0d30323e2
fpb:efde77d284c79581,train,all,fpb:efde77d284c79581
fpb:efe9b999e2c00966,train,all,fpb:efe9b999e2c00966
fpb:efec1dc8fd058500,train,66,fpb:efec1dc8fd058500
fpb:eff108d6a0e77f50,test,all,fpb:7605e75b6a43bd2f
fpb:effcc37f5360f12d,train,all,fpb:effcc37f5360f12d
fpb:f0049a5d1717732c,train,66,fpb:f0049a5d1717732c
fpb:f0069a26ede95d83,train,50,fpb:f0069a26ede95d83
fpb:f0126956a7045513,dev,50,fpb:f0126956a7045513
fpb:f01fe55f72c0d48d,train,75,fpb:f01fe55f72c0d48d
fpb:f03fe99495a0c29f,train,all,fpb:f03fe99495a0c29f
fpb:f06636e2a6fd050b,train,all,fpb:f06636e2a6fd050b
fpb:f06f4e2e8aefe6cd,test,66,fpb:f06f4e2e8aefe6cd
fpb:f0777068057d2cd9,train,all,fpb:f0777068057d2cd9
fpb:f080a7b274b8f5d9,train,all,fpb:f080a7b274b8f5d9
fpb:f08b5dfcfaeb6e4e,train,75,fpb:f08b5dfcfaeb6e4e
fpb:f0908b8bd1fb5446,test,50,fpb:f0908b8bd1fb5446
fpb:f09f7036f0ea370a,test,all,fpb:f09f7036f0ea370a
fpb:f09ffb7d1b6ebd58,dev,all,fpb:f09ffb7d1b6ebd58
fpb:f0a45c3c05403198,train,66,fpb:f0a45c3c05403198
fpb:f0abce572fe0056d,train,50,fpb:f0abce572fe0056d
fpb:f0b3b2ec7e2dec55,train,75,fpb:f0b3b2ec7e2dec55
fpb:f0b5a8f3ab67ace6,train,75,fpb:f0b5a8f3ab67ace6
fpb:f0df88527fd28db6,train,all,fpb:f0df88527fd28db6
fpb:f0f2dfa2323ca8d7,train,all,fpb:f0f2dfa2323ca8d7
fpb:f110fe9dec8c9b1b,test,all,fpb:f110fe9dec8c9b1b
fpb:f11420f298c957ef,train,66,fpb:f11420f298c957ef
fpb:f11841755d8822cb,train,50,fpb:f11841755d8822cb
fpb:f12df2647de65c9a,train,all,fpb:f12df2647de65c9a
fpb:f136de8457de43bf,train,all,fpb:f136de8457de43bf
fpb:f13989c3235327b7,train,all,fpb:f13989c3235327b7
fpb:f14697dab66c42e3,test,all,fpb:f14697dab66c42e3
fpb:f1597dbcc397d975,test,75,fpb:f1597dbcc397d975
fpb:f15c0397f9471adf,train,75,fpb:f15c0397f9471adf
fpb:f160912657362992,test,75,fpb:f160912657362992
fpb:f166bfba5acce81a,dev,all,fpb:f166bfba5acce81a
fpb:f16a25fd880886f5,train,all,fpb:f16a25fd880886f5
fpb:f16d361bc4f8a73d,dev,all,fpb:f16d361bc4f8a73d
fpb:f181e294039fab51,train,75,fpb:f181e294039fab51
fpb:f18b73484ae56248,train,all,fpb:f18b73484ae56248
fpb:f1942f02161b6d8d,test,all,fpb:f1942f02161b6d8d
fpb:f1a2c1100238b88b,train,66,fpb:f1a2c1100238b88b
fpb:f1aea9bd38e3d81c,train,75,fpb:f1aea9bd38e3d81c
fpb:f1b1094900f0b5c3,test,all,fpb:f1b1094900f0b5c3
fpb:f1c5d253b8d193b7,test,all,fpb:f1c5d253b8d193b7
fpb:f1c627b0d560a491,train,all,fpb:f1c627b0d560a491
fpb:f1c739544a6e914e,train,75,fpb:f1c739544a6e914e
fpb:f1d832bd05019446,test,all,fpb:f1d832bd05019446
fpb:f1ece8314b7f4028,train,66,fpb:f1ece8314b7f4028
fpb:f1fa184f600b1b49,train,66,fpb:f1fa184f600b1b49
fpb:f2029aed9a218eb9,train,all,fpb:f2029aed9a218eb9
fpb:f21d73457ae9d391,train,66,fpb:f21d73457ae9d391
fpb:f23648a3055f1986,train,66,fpb:f23648a3055f1986
fpb:f23aae5f8a60db25,train,all,fpb:f23aae5f8a60db25
fpb:f24bc7fe93cbffb5,train,66,fpb:f24bc7fe93cbffb5
fpb:f24bfcb3c33d2fa4,train,all,fpb:f24bfcb3c33d2fa4
fpb:f24cc50013100ec7,train,50,fpb:f24cc50013100ec7
fpb:f25782de69789e8f,train,all,fpb:f25782de69789e8f
fpb:f26493c6c114d554,train,50,fpb:f26493c6c114d554
fpb:f26d06a50a8be79c,test,66,fpb:f26d06a50a8be79c
fpb:f2756ee097047dcb,train,66,fpb:f2756ee097047dcb
fpb:f282baa5d9ed0a8a,train,all,fpb:f282baa5d9ed0a8a
fpb:f289d5182d54f74b,dev,all,fpb:f289d5182d54f74b
fpb:f29ac33150ecf723,train,75,fpb:f29ac33150ecf723
fpb:f2a212b576a43ab9,train,all,fpb:f2a212b576a43ab9
fpb:f2a4a482da6d27d2,train,66,fpb:f2a4a482da6d27d2
fpb:f2c29c1ced9708a9,train,75,fpb:f2c29c1ced9708a9
fpb:f2d87c7358417a67,train,50,fpb:f2d87c7358417a67
fpb:f2e84671ed08cf5a,train,all,fpb:f2e84671ed08cf5a
fpb:f2ecc026a36dd0f6,train,50,fpb:f2ecc026a36dd0f6
fpb:f2ef5c5aef559b26,dev,66,fpb:f2ef5c5aef559b26
fpb:f2f7c17e77f52496,train,75,fpb:f2f7c17e77f52496
fpb:f3003fa2407cc49d,train,all,fpb:f3003fa2407cc49d
fpb:f3026c9936829d2c,train,50,fpb:f3026c9936829d2c
fpb:f30667fad850ebe4,train,50,fpb:f30667fad850ebe4
fpb:f30d1c8c199af92a,dev,66,fpb:f30d1c8c199af92a
fpb:f316f0a12621158d,test,75,fpb:f316f0a12621158d
fpb:f31d27e4c6034ffd,train,75,fpb:f31d27e4c6034ffd
fpb:f323c8e72b99e1fd,train,66,fpb:f323c8e72b99e1fd
fpb:f335aa29e1f9abaf,train,75,fpb:f335aa29e1f9abaf
fpb:f33792d309363f77,test,all,fpb:f33792d309363f77
fpb:f34828c9d7f077dc,test,75,fpb:f34828c9d7f077dc
fpb:f34a640a85540b91,dev,75,fpb:f34a640a85540b91
fpb:f3635eb1c8b5fc08,train,75,fpb:f3635eb1c8b5fc08
fpb:f37ff22190485613,train,66,fpb:f37ff22190485613
fpb:f38e7cfae2775102,train,all,fpb:f38e7cfae2775102
fpb:f393e0b1053a874d,train,all,fpb:f393e0b1053a874d
fpb:f3b7d00161271cf5,train,66,fpb:f3b7d00161271cf5
fpb:f3c4ceb60eb627e2,test,all,fpb:f3c4ceb60eb627e2
fpb:f3d164124461eb21,dev,66,fpb:f3d164124461eb21
fpb:f3d190e5dafee24a,train,75,fpb:f3d190e5dafee24a
fpb:f3d7b91ecfde9a2c,train,50,fpb:f3d7b91ecfde9a2c
fpb:f3fd80dc59fd3fe8,train,75,fpb:f3fd80dc59fd3fe8
fpb:f4124bc5bb310b52,test,75,fpb:f4124bc5bb310b52
fpb:f41fce1d82f694cc,train,all,fpb:f41fce1d82f694cc
fpb:f42794c61ceaadc7,test,all,fpb:f42794c61ceaadc7
fpb:f428116b9302712b,train,all,fpb:f428116b9302712b
fpb:f44599e995eb1d5c,train,75,fpb:f44599e995eb1d5c
fpb:f445fc52e48e824f,test,66,fpb:f445fc52e48e824f
fpb:f472fb764dbf8dfa,train,all,fpb:f472fb764dbf8dfa
fpb:f476edb368a8a6de,train,all,fpb:f476edb368a8a6de
fpb:f4775bce72cd70a8,train,all,fpb:f4775bce72cd70a8
fpb:f48b6774f72b1837,train,all,fpb:f48b6774f72b1837
fpb:f4903eaef8549b6b,train,all,fpb:f4903eaef8549b6b
fpb:f4a0113e46a58d44,test,66,fpb:f4a0113e46a58d44
fpb:f4cff65a80526cc6,test,all,fpb:f4cff65a80526cc6
fpb:f4d22a5ca214f7d1,test,75,fpb:f4d22a5ca214f7d1
fpb:f4f651a1552a800c,dev,all,fpb:f4f651a1552a800c
fpb:f4f6c379b4dfea5e,train,all,fpb:f4f6c379b4dfea5e
fpb:f4f7186e780b9523,train,50,fpb:f4f7186e780b9523
fpb:f4ffb4a6259f24ea,train,all,fpb:f4ffb4a6259f24ea
fpb:f516581cc96dee16,train,75,fpb:f516581cc96dee16
fpb:f52333757812ef1c,dev,all,fpb:f52333757812ef1c
fpb:f530b851af8a8c61,train,66,fpb:f530b851af8a8c61
fpb:f53d743056af0f30,train,75,fpb:f53d743056af0f30
fpb:f544a78f36b7ba58,train,all,fpb:f544a78f36b7ba58
fpb:f549d21ea3c1800b,train,all,fpb:f549d21ea3c1800b
fpb:f54ff3121361b951,train,66,fpb:f54ff3121361b951
fpb:f5584d249a0f3ff1,train,all,fpb:f5584d249a0f3ff1
fpb:f56c7da32bef8f44,train,all,fpb:f56c7da32bef8f44
fpb:f56f0f64ff911590,train,all,fpb:f56f0f64ff911590
fpb:f589fe9b146fa64d,train,66,fpb:f589fe9b146fa64d
fpb:f5a76f036a888a40,train,66,fpb:f5a76f036a888a40
fpb:f5ad5edcdd8f108b,train,all,fpb:f5ad5edcdd8f108b
fpb:f5d105c66e89a5ba,dev,all,fpb:f5d105c66e89a5ba
fpb:f5d743bed92dfaf4,train,all,fpb:f5d743bed92dfaf4
fpb:f5d7cff791d5cbe1,train,all,fpb:f5d7cff791d5cbe1
fpb:f600de06f86d4cdc,test,75,fpb:f600de06f86d4cdc
fpb:f60366aeb1d84e3f,train,75,fpb:f60366aeb1d84e3f
fpb:f6081c653762a207,train,50,fpb:f6081c653762a207
fpb:f60a729c3bdd8da0,train,50,fpb:f60a729c3bdd8da0
fpb:f62ba647235153db,train,75,fpb:f62ba647235153db
fpb:f6487c731e272a4e,train,75,fpb:f6487c731e272a4e
fpb:f670501386389f7c,train,all,fpb:f670501386389f7c
fpb:f673a9a292ab2463,train,all,fpb:f673a9a292ab2463
fpb:f6794d6dd9713c97,test,66,fpb:f6794d6dd9713c97
fpb:f6802ebdc2b16d33,test,75,fpb:f6802ebdc2b16d33
fpb:f683b080e6a2add0,test,all,fpb:f683b080e6a2add0
fpb:f69b8ae8029c8144,train,all,fpb:f69b8ae8029c8144
fpb:f6a1486af5fadc74,train,50,fpb:f6a1486af5fadc74
fpb:f6a6cadacef242c7,test,all,fpb:5530b4a8b444ccd0
fpb:f6ab52edd0a6c299,dev,66,fpb:f6ab52edd0a6c299
fpb:f6b6c92e30a9136f,train,75,fpb:f6b6c92e30a9136f
fpb:f6c5102be757dbfa,train,66,fpb:f6c5102be757dbfa
fpb:f6d2054f8cfdb01a,train,66,fpb:f6d2054f8cfdb01a
fpb:f6d2d4323a85e1b1,train,50,fpb:f6d2d4323a85e1b1
fpb:f6d515ccf04cff75,train,all,fpb:f6d515ccf04cff75
fpb:f6dbabcd98e715f5,train,all,fpb:f6dbabcd98e715f5
fpb:f6deac6035091a20,train,50,fpb:f6deac6035091a20
fpb:f6eab96714d97411,test,75,fpb:f6eab96714d97411
fpb:f6f5d3bb878310e0,train,all,fpb:f6f5d3bb878310e0
fpb:f6fab7803352973d,train,all,fpb:f6fab7803352973d
fpb:f71480be3d6a19c1,test,all,fpb:f71480be3d6a19c1
fpb:f73499111f967416,test,75,fpb:f73499111f967416
fpb:f73c8016005f0e59,train,all,fpb:f73c8016005f0e59
fpb:f741f9c8b81a0008,train,all,fpb:f741f9c8b81a0008
fpb:f74580d4f67d5bf2,test,75,fpb:f74580d4f67d5bf2
fpb:f7550135b66144be,train,75,fpb:f7550135b66144be
fpb:f758edeea8ee741f,train,66,fpb:f758edeea8ee741f
fpb:f75bd042a89617c0,train,all,fpb:f75bd042a89617c0
fpb:f763e18fd877cbb7,train,all,fpb:f763e18fd877cbb7
fpb:f7675ec2fa53e845,train,all,fpb:f7675ec2fa53e845
fpb:f76f2d4f430f6399,test,50,fpb:f76f2d4f430f6399
fpb:f778651e92c5f2b5,train,75,fpb:f778651e92c5f2b5
fpb:f796f3d2144235e8,dev,50,fpb:f796f3d2144235e8
fpb:f7a14fa646fa9cd7,train,all,fpb:f7a14fa646fa9cd7
fpb:f7b033f0b840e471,test,75,fpb:f7b033f0b840e471
fpb:f7c80cfee0e6ed05,train,all,fpb:f7c80cfee0e6ed05
fpb:f7c829dc98b9cfb0,train,all,fpb:f7c829dc98b9cfb0
fpb:f7da0d13e7dc8057,train,all,fpb:f7da0d13e7dc8057
fpb:f7def8439368c32d,train,75,fpb:f7def8439368c32d
fpb:f7e9c215912b044e,train,50,fpb:f7e9c215912b044e
fpb:f7f3c9aeda39c862,train,all,fpb:f7f3c9aeda39c862
fpb:f7f4cf160fabd87c,train,all,fpb:f7f4cf160fabd87c
fpb:f817e9d180041e5f,test,66,fpb:f817e9d180041e5f
fpb:f82c452971af3dc6,train,66,fpb:f82c452971af3dc6
fpb:f82ee8a00eb7c489,train,75,fpb:f82ee8a00eb7c489
fpb:f84b68c6f74eaa5f,train,66,fpb:f84b68c6f74eaa5f
fpb:f86778e297defab2,dev,all,fpb:f86778e297defab2
fpb:f867a0a43fe4c60c,train,50,fpb:f867a0a43fe4c60c
fpb:f875c8b3782feba2,test,75,fpb:f875c8b3782feba2
fpb:f89a50ad1e8e8d23,train,all,fpb:f89a50ad1e8e8d23
fpb:f8a8cd7a32a984db,train,all,fpb:f8a8cd7a32a984db
fpb:f8b07dc4c1c64ed9,train,all,fpb:f8b07dc4c1c64ed9
fpb:f8c02614499e1c71,test,all,fpb:f8c02614499e1c71
fpb:f8c9b732d2dd540f,train,66,fpb:f8c9b732d2dd540f
fpb:f8cb0763f85ac6cc,test,all,fpb:f8cb0763f85ac6cc
fpb:f8cb35ff217f4528,dev,all,fpb:f8cb35ff217f4528
fpb:f8cd94a51d62f0d8,train,75,fpb:f8cd94a51d62f0d8
fpb:f8cf60b72e4d60de,train,all,fpb:f8cf60b72e4d60de
fpb:f8d5f26a7e8758f3,train,all,fpb:f8d5f26a7e8758f3
fpb:f8eb6d425d149d73,train,all,fpb:f8eb6d425d149d73
fpb:f8f8146878dfea20,train,all,fpb:f8f8146878dfea20
fpb:f8fe57238a8e9b9b,train,all,fpb:f8fe57238a8e9b9b
fpb:f905b4e78714c549,train,50,fpb:f905b4e78714c549
fpb:f912e4dff7e22f78,train,all,fpb:f912e4dff7e22f78
fpb:f948022710050db0,train,75,fpb:f948022710050db0
fpb:f94c8f37a7c0ec1c,train,75,fpb:f94c8f37a7c0ec1c
fpb:f951b7b2b180ff13,train,50,fpb:f951b7b2b180ff13
fpb:f96ac69dd6c17684,test,all,fpb:f96ac69dd6c17684
fpb:f96e5bca2413cc1d,test,all,fpb:f96e5bca2413cc1d
fpb:f970aea5f167853b,test,50,fpb:f970aea5f167853b
fpb:f97cbe3d3d0b30c4,train,75,fpb:f97cbe3d3d0b30c4
fpb:f98107be2c2aea56,test,66,fpb:f98107be2c2aea56
fpb:f98ba0454b28c418,test,all,fpb:f98ba0454b28c418
fpb:f991c5f7641ce391,train,50,fpb:f991c5f7641ce391
fpb:f9962aec7b0c783b,test,all,fpb:f9962aec7b0c783b
fpb:f9a457520a33f5e2,train,all,fpb:f9a457520a33f5e2
fpb:f9af85a3003a644b,train,66,fpb:f9af85a3003a644b
fpb:f9d41df4d23de80e,train,75,fpb:f9d41df4d23de80e
fpb:f9d6abccd653a362,train,all,fpb:f9d6abccd653a362
fpb:f9df87a4777de3e2,train,all,fpb:f9df87a4777de3e2
fpb:f9e6a6e6495a0b62,train,all,fpb:f9e6a6e6495a0b62
fpb:f9f9083d4aaa48d8,train,all,fpb:f9f9083d4aaa48d8
fpb:fa2205712b3b47c8,train,all,fpb:fa2205712b3b47c8
fpb:fa26ab9d1b7e4ce4,train,75,fpb:fa26ab9d1b7e4ce4
fpb:fa2c58ed5a5de11c,train,75,fpb:fa2c58ed5a5de11c
fpb:fa3fe43d6dbd584a,test,66,fpb:fa3fe43d6dbd584a
fpb:fa569ccf1ffff95b,train,all,fpb:fa569ccf1ffff95b
fpb:fa5818279f4451da,train,75,fpb:fa5818279f4451da
fpb:fa5dc6d4d0d316a0,dev,66,fpb:fa5dc6d4d0d316a0
fpb:fa7bdebe014dbd1f,dev,50,fpb:d4b3d51ee77eaa61
fpb:fa7c558754e196dc,train,50,fpb:fa7c558754e196dc
fpb:fa80750f8570a7e1,train,50,fpb:fa80750f8570a7e1
fpb:fa8cfe8c388f3638,train,50,fpb:fa8cfe8c388f3638
fpb:fa9c5eaf71f65452,dev,all,fpb:fa9c5eaf71f65452
fpb:fa9d05d71b643ff5,train,50,fpb:fa9d05d71b643ff5
fpb:fa9d096414782373,dev,all,fpb:fa9d096414782373
fpb:faa99f07c2220533,train,50,fpb:faa99f07c2220533
fpb:fab4d89a1127bc2e,train,75,fpb:fab4d89a1127bc2e
fpb:fac145096e9cd30c,train,all,fpb:fac145096e9cd30c
fpb:fad44b1fc01bf7da,train,66,fpb:fad44b1fc01bf7da
fpb:fad88f8a9111f0a8,test,50,fpb:fad88f8a9111f0a8
fpb:fae744b4cd642ab9,train,50,fpb:fae744b4cd642ab9
fpb:faefb08b889ca449,dev,66,fpb:faefb08b889ca449
fpb:fafd33ab70ceb975,dev,all,fpb:fafd33ab70ceb975
fpb:fb06f311c392a240,test,75,fpb:fb06f311c392a240
fpb:fb2541e3e0cfbbbc,train,66,fpb:fb2541e3e0cfbbbc
fpb:fb27f3e2b00b0a10,train,50,fpb:fb27f3e2b00b0a10
fpb:fb28650a6437973a,train,all,fpb:fb28650a6437973a
fpb:fb287ca7c74d5aa2,train,66,fpb:fb287ca7c74d5aa2
fpb:fb343fe2dfc9f670,dev,all,fpb:fb343fe2dfc9f670
fpb:fb474c83a3f42cb7,test,75,fpb:fb474c83a3f42cb7
fpb:fb4d64f22670a2b2,train,75,fpb:fb4d64f22670a2b2
fpb:fb5add62dc588e7f,train,75,fpb:fb5add62dc588e7f
fpb:fb652cfe94c6728a,test,66,fpb:fb652cfe94c6728a
fpb:fbbd43afb995261b,train,75,fpb:fbbd43afb995261b
fpb:fbd43c78a9933408,train,all,fpb:7e7ce2930637bae0
fpb:fbface7af21eafc9,test,75,fpb:fbface7af21eafc9
fpb:fc0ac6f444ca2c81,train,all,fpb:fc0ac6f444ca2c81
fpb:fc0f9b689f79fc4f,train,all,fpb:fc0f9b689f79fc4f
fpb:fc67ebdf88e65c24,train,66,fpb:fc67ebdf88e65c24
fpb:fc6e11190744e393,test,66,fpb:fc6e11190744e393
fpb:fc7a4287a0ffd97a,test,all,fpb:fc7a4287a0ffd97a
fpb:fc7c35f910486022,train,all,fpb:fc7c35f910486022
fpb:fc9004b1ca8d7fb9,train,all,fpb:39f6dfd32e843761
fpb:fcbebffe1edf7d02,train,66,fpb:fcbebffe1edf7d02
fpb:fcc92bbd11489c60,train,66,fpb:fcc92bbd11489c60
fpb:fce251f61669389e,train,all,fpb:fce251f61669389e
fpb:fce7c52e4ec06f47,dev,66,fpb:fce7c52e4ec06f47
fpb:fce8e9c584eabb79,train,all,fpb:fce8e9c584eabb79
fpb:fd0d70ae21023f2e,train,75,fpb:fd0d70ae21023f2e
fpb:fd1154bf61430293,train,75,fpb:fd1154bf61430293
fpb:fd2dcda2c5dba1cb,test,all,fpb:fd2dcda2c5dba1cb
fpb:fd2f9ab7f66a3332,train,66,fpb:fd2f9ab7f66a3332
fpb:fd3c01d9a67e31c5,train,75,fpb:fd3c01d9a67e31c5
fpb:fd41d61c057ced5b,test,75,fpb:fd41d61c057ced5b
fpb:fd630044a9238b9c,train,all,fpb:fd630044a9238b9c
fpb:fd836d812887ab33,train,66,fpb:fd836d812887ab33
fpb:fd98542844d10279,test,all,fpb:fd98542844d10279
fpb:fd99f88947a76953,test,66,fpb:fd99f88947a76953
fpb:fda7421a3060cefe,train,all,fpb:fda7421a3060cefe
fpb:fdaab2b6ab877d38,train,50,fpb:fdaab2b6ab877d38
fpb:fdb90e449e7dc658,test,all,fpb:fdb90e449e7dc658
fpb:fdc2ca1fb8354d6e,test,75,fpb:fdc2ca1fb8354d6e
fpb:fdcb6b1f8e3c3272,dev,50,fpb:fdcb6b1f8e3c3272
fpb:fdd5160afff64a3c,train,all,fpb:fdd5160afff64a3c
fpb:fdda47560293f62c,train,all,fpb:fdda47560293f62c
fpb:fdde73f281f64e73,train,all,fpb:fdde73f281f64e73
fpb:fddf5409e50683e0,train,50,fpb:fddf5409e50683e0
fpb:fde3d953cee2028c,train,66,fpb:fde3d953cee2028c
fpb:fdf3fda25d2ae8b0,train,66,fpb:fdf3fda25d2ae8b0
fpb:fdf5dbb5c4ad9a8d,test,all,fpb:fdf5dbb5c4ad9a8d
fpb:fdf6fc894976eb6b,test,all,fpb:fdf6fc894976eb6b
fpb:fe162063d07c98f2,test,75,fpb:fe162063d07c98f2
fpb:fe26c12e86082bda,test,all,fpb:fe26c12e86082bda
fpb:fe2db7064be3b713,train,75,fpb:fe2db7064be3b713
fpb:fe3575202f8f61ae,test,50,fpb:fe3575202f8f61ae
fpb:fe4ad2b5452816ad,train,75,fpb:fe4ad2b5452816ad
fpb:fe539e9c8baed4ee,train,66,fpb:fe539e9c8baed4ee
fpb:fe6032c2d7fd3bd1,test,all,fpb:fe6032c2d7fd3bd1
fpb:fe9939361b4dd291,dev,50,fpb:fe9939361b4dd291
fpb:fe9a027b895f57a9,dev,all,fpb:fe9a027b895f57a9
fpb:fea49c2ad4cf27e3,test,66,fpb:fea49c2ad4cf27e3
fpb:feb6c5c2224635e8,train,all,fpb:feb6c5c2224635e8
fpb:fec2318eee05e006,train,all,fpb:fec2318eee05e006
fpb:fece33f3580d36b2,dev,all,fpb:fece33f3580d36b2
fpb:fed21fed47565c43,train,all,fpb:fed21fed47565c43
fpb:fedd44a30cc1902b,test,75,fpb:fedd44a30cc1902b
fpb:fef125da9a63d573,dev,75,fpb:fef125da9a63d573
fpb:fef95e4b671987ff,train,all,fpb:fef95e4b671987ff
fpb:fefe54b0af06c984,test,all,fpb:fefe54b0af06c984
fpb:ff084d66c1597802,test,66,fpb:ff084d66c1597802
fpb:ff0ea17049e75c25,train,75,fpb:ff0ea17049e75c25
fpb:ff1e80095584e52f,train,all,fpb:ff1e80095584e52f
fpb:ff1e9e4b25906bf1,train,50,fpb:ff1e9e4b25906bf1
fpb:ff23a4cd284ecf9e,train,all,fpb:ff23a4cd284ecf9e
fpb:ff2fd256b7b7c188,train,75,fpb:ff2fd256b7b7c188
fpb:ff53c7bab64bff06,train,50,fpb:ff53c7bab64bff06
fpb:ff598a59f46ac042,train,all,fpb:ff598a59f46ac042
fpb:ff6cc34057b16f85,train,75,fpb:ff6cc34057b16f85
fpb:ff6e092ff778eeea,train,all,fpb:ff6e092ff778eeea
fpb:ff82832d1d8c6df4,train,all,fpb:ff82832d1d8c6df4
fpb:ff8f4ede5a644b32,train,all,fpb:ff8f4ede5a644b32
fpb:ff9d5f313a0507b4,test,50,fpb:ff9d5f313a0507b4
fpb:ffa327d366d2c8ef,train,75,fpb:ffa327d366d2c8ef
fpb:ffd0bf12ccc1a2e8,dev,all,fpb:ffd0bf12ccc1a2e8
fpb:ffd206907ebeca81,train,66,fpb:ffd206907ebeca81
fpb:ffd2638b2a347138,dev,all,fpb:ffd2638b2a347138
